-- MySQL dump 10.13  Distrib 8.0.18, for macos10.14 (x86_64)
--
-- Host: localhost    Database: DBMS1
-- ------------------------------------------------------
-- Server version	8.0.18

/*!40101 SET @OLD_CHARACTER_SET_CLIENT=@@CHARACTER_SET_CLIENT */;
/*!40101 SET @OLD_CHARACTER_SET_RESULTS=@@CHARACTER_SET_RESULTS */;
/*!40101 SET @OLD_COLLATION_CONNECTION=@@COLLATION_CONNECTION */;
/*!50503 SET NAMES utf8mb4 */;
/*!40103 SET @OLD_TIME_ZONE=@@TIME_ZONE */;
/*!40103 SET TIME_ZONE='+00:00' */;
/*!40014 SET @OLD_UNIQUE_CHECKS=@@UNIQUE_CHECKS, UNIQUE_CHECKS=0 */;
/*!40014 SET @OLD_FOREIGN_KEY_CHECKS=@@FOREIGN_KEY_CHECKS, FOREIGN_KEY_CHECKS=0 */;
/*!40101 SET @OLD_SQL_MODE=@@SQL_MODE, SQL_MODE='NO_AUTO_VALUE_ON_ZERO' */;
/*!40111 SET @OLD_SQL_NOTES=@@SQL_NOTES, SQL_NOTES=0 */;

--
-- Table structure for table `bank`
--

DROP TABLE IF EXISTS `bank`;
/*!40101 SET @saved_cs_client     = @@character_set_client */;
/*!50503 SET character_set_client = utf8mb4 */;
CREATE TABLE `bank` (
  `bank_id` char(10) CHARACTER SET utf8 COLLATE utf8_unicode_ci NOT NULL,
  `bank_name` varchar(20) CHARACTER SET utf8 COLLATE utf8_unicode_ci NOT NULL,
  `branch_id` int(6) NOT NULL,
  `branch_name` varchar(20) CHARACTER SET utf8 COLLATE utf8_unicode_ci DEFAULT NULL,
  `branch_contact_number` int(10) DEFAULT NULL,
  `number_of_customer` int(5) DEFAULT NULL,
  `total_assets` float DEFAULT NULL,
  `ROI_for_loans` float DEFAULT NULL,
  `ROI_for_savings` float DEFAULT NULL,
  `ROI_for_current` float DEFAULT NULL,
  `no_of_fds` int(2) DEFAULT NULL,
  `min_acc_balance` int(5) DEFAULT NULL,
  `annual_share_govt` float DEFAULT NULL,
  `loan_taken` int(11) DEFAULT NULL,
  `money_lent` int(11) NOT NULL,
  PRIMARY KEY (`bank_id`)
) ENGINE=InnoDB DEFAULT CHARSET=utf8 COLLATE=utf8_unicode_ci;
/*!40101 SET character_set_client = @saved_cs_client */;

--
-- Dumping data for table `bank`
--

LOCK TABLES `bank` WRITE;
/*!40000 ALTER TABLE `bank` DISABLE KEYS */;
INSERT INTO `bank` VALUES ('BANK100001','SBI',100001,'Okhla',1234567890,0,7700000,15,4,10,0,10000,770000,0,0),('BANK100002','UBI',200001,'Vasant Kunj',1234567891,0,9800000,13.5,4.5,11,0,10000,980000,0,0),('BANK100003','BOB',300001,'Vasant Kunj',1234567892,0,11900000,14,6,11,0,0,1190000,0,0),('BANK100004','HDFC',400001,'Kalkaji',1234567893,0,14000000,12.5,7,11,0,0,1400000,0,0),('BANK100005','HSBC',500001,'Nehru Place',1234567894,0,161000000,12,4,10.5,0,0,16100000,0,0),('BANK100006','PNB',600001,'Nehru Place',1234567895,0,182000,12,5.5,10,0,5000,18200,0,0);
/*!40000 ALTER TABLE `bank` ENABLE KEYS */;
UNLOCK TABLES;

--
-- Table structure for table `Bank_customer`
--

DROP TABLE IF EXISTS `Bank_customer`;
/*!40101 SET @saved_cs_client     = @@character_set_client */;
/*!50503 SET character_set_client = utf8mb4 */;
CREATE TABLE `Bank_customer` (
  `Name` varchar(20) CHARACTER SET utf8 COLLATE utf8_unicode_ci NOT NULL,
  `Customer_ID` int(10) NOT NULL,
  `Bank_ID` char(10) CHARACTER SET utf8 COLLATE utf8_unicode_ci NOT NULL,
  `Age` int(3) NOT NULL,
  `Account_No` int(11) NOT NULL,
  `Govt_ID` int(11) NOT NULL,
  `Account_Type` varchar(20) CHARACTER SET utf8 COLLATE utf8_unicode_ci NOT NULL,
  `Profession` varchar(20) CHARACTER SET utf8 COLLATE utf8_unicode_ci NOT NULL,
  `Contact_No` int(11) NOT NULL,
  `State` varchar(20) CHARACTER SET utf8 COLLATE utf8_unicode_ci NOT NULL,
  `Branch_ID` int(11) NOT NULL,
  `Latest_Transaction` varchar(30) CHARACTER SET utf8 COLLATE utf8_unicode_ci NOT NULL,
  `Fixed_Deposit` varchar(30) CHARACTER SET utf8 COLLATE utf8_unicode_ci NOT NULL,
  `Bank_Balance` int(11) NOT NULL,
  `Monthly_Salary` int(11) NOT NULL,
  `Username` varchar(11) CHARACTER SET utf8 COLLATE utf8_unicode_ci NOT NULL,
  `Email_ID` varchar(20) CHARACTER SET utf8 COLLATE utf8_unicode_ci NOT NULL,
  `Tax_Bracket` int(1) NOT NULL,
  `Loan_EMI` varchar(15) CHARACTER SET utf8 COLLATE utf8_unicode_ci NOT NULL,
  `Account_Opening_Date` varchar(20) CHARACTER SET utf8 COLLATE utf8_unicode_ci NOT NULL,
  PRIMARY KEY (`Customer_ID`),
  KEY `Bank_ID` (`Bank_ID`),
  CONSTRAINT `Bank_customer_ibfk_1` FOREIGN KEY (`Customer_ID`) REFERENCES `customer_personal_detail` (`Customer_id`),
  CONSTRAINT `Bank_customer_ibfk_2` FOREIGN KEY (`Bank_ID`) REFERENCES `bank` (`bank_id`)
) ENGINE=InnoDB DEFAULT CHARSET=utf8 COLLATE=utf8_unicode_ci;
/*!40101 SET character_set_client = @saved_cs_client */;

--
-- Dumping data for table `Bank_customer`
--

LOCK TABLES `Bank_customer` WRITE;
/*!40000 ALTER TABLE `Bank_customer` DISABLE KEYS */;
/*!40000 ALTER TABLE `Bank_customer` ENABLE KEYS */;
UNLOCK TABLES;

--
-- Table structure for table `company_imports`
--

DROP TABLE IF EXISTS `company_imports`;
/*!40101 SET @saved_cs_client     = @@character_set_client */;
/*!50503 SET character_set_client = utf8mb4 */;
CREATE TABLE `company_imports` (
  `comp_id` varchar(10) CHARACTER SET utf8 COLLATE utf8_unicode_ci NOT NULL,
  `branches_in_india` int(4) NOT NULL,
  `importers_id` int(5) NOT NULL,
  `raw_material` float NOT NULL,
  `finished_product` float NOT NULL,
  `custom_duty` float NOT NULL,
  `relaxation_limit` float NOT NULL,
  `gst` float NOT NULL,
  PRIMARY KEY (`comp_id`),
  CONSTRAINT `company_imports_ibfk_1` FOREIGN KEY (`comp_id`) REFERENCES `company_market_detail` (`comp_id`)
) ENGINE=InnoDB DEFAULT CHARSET=utf8 COLLATE=utf8_unicode_ci;
/*!40101 SET character_set_client = @saved_cs_client */;

--
-- Dumping data for table `company_imports`
--

LOCK TABLES `company_imports` WRITE;
/*!40000 ALTER TABLE `company_imports` DISABLE KEYS */;
INSERT INTO `company_imports` VALUES ('COMP100001',2,12345,21797.1,4738.92,40,10,17),('COMP100002',3,12045,89840.2,22916.6,30,11,16),('COMP100003',4,11745,38630.1,18349,50,12,15),('COMP100004',5,11445,70572.4,71814.9,40,10,17),('COMP100005',6,11145,3953.47,79466.6,30,11,16),('COMP100006',7,10845,34826.4,47828.3,50,12,15),('COMP100007',8,10545,31705.8,26361.8,40,10,17),('COMP100008',9,10245,23634.9,19907.3,30,11,16),('COMP100009',10,99451,73220.3,40328.9,50,12,15),('COMP100010',11,96451,4960.24,58962.1,40,10,17),('COMP100011',12,93451,90775.1,2412.89,30,11,16),('COMP100012',13,90451,42090.8,57680.4,50,12,15),('COMP100013',14,87451,66914.3,77531.5,40,10,17),('COMP100014',15,84451,74694.9,82962.9,30,11,16),('COMP100015',16,81451,37811.7,71127.9,50,12,15),('COMP100016',17,78451,90501.8,49320.6,40,10,17),('COMP100017',18,75451,90998,18816.5,30,11,16),('COMP100018',19,72451,25441.9,37223.9,50,12,15),('COMP100019',20,69451,60454.1,50444,40,12,17),('COMP100020',21,66451,80568.5,31664.2,30,11,16);
/*!40000 ALTER TABLE `company_imports` ENABLE KEYS */;
UNLOCK TABLES;

--
-- Table structure for table `company_market_detail`
--

DROP TABLE IF EXISTS `company_market_detail`;
/*!40101 SET @saved_cs_client     = @@character_set_client */;
/*!50503 SET character_set_client = utf8mb4 */;
CREATE TABLE `company_market_detail` (
  `comp_id` varchar(10) CHARACTER SET utf8 COLLATE utf8_unicode_ci NOT NULL,
  `company_name` varchar(50) CHARACTER SET utf8 COLLATE utf8_unicode_ci NOT NULL,
  `pe_ratio` float NOT NULL,
  `quick_ratio` float NOT NULL,
  `acc_payable` int(3) NOT NULL,
  `acc_receivable` int(3) NOT NULL,
  `eps` float NOT NULL,
  `market_value` float NOT NULL,
  `book_value` float NOT NULL,
  `total_assets` float NOT NULL,
  `total_liabilities` float NOT NULL,
  `inventories` float NOT NULL,
  `external_fundings` float NOT NULL,
  `retained_earnings` float NOT NULL,
  PRIMARY KEY (`comp_id`)
) ENGINE=InnoDB DEFAULT CHARSET=utf8 COLLATE=utf8_unicode_ci;
/*!40101 SET character_set_client = @saved_cs_client */;

--
-- Dumping data for table `company_market_detail`
--

LOCK TABLES `company_market_detail` WRITE;
/*!40000 ALTER TABLE `company_market_detail` DISABLE KEYS */;
INSERT INTO `company_market_detail` VALUES ('COMP100001','Fintech',1.7,10.87,123,111,1.5,32.2373,14.0998,58570300,20828.7,12604.2,67142.5,39609),('COMP100002','Bajaj',1.69,11.87,235,111,1.6,60.4681,61.1525,73849600,49909.4,69507.8,83620.7,15981.1),('COMP100003','Cisco',1.68,12.23,412,4563,1.7,28.186,56.2142,79300100,52730.2,68738.7,33954.1,20154.7),('COMP100004','Unilever',1.67,13.01,22,321,1.8,45.2773,76.4045,36083900,48896.2,95254.7,93713,52257.7),('COMP100005','Kappa',1.66,13.69,43,2321,1.9,60.3482,47.5158,99392000,17067.5,44591.8,44418.6,93097.5),('COMP100006','Rayban',1.65,14.37,232,43,2,82.8034,12.6753,8775520,75085.1,12129.4,96074.6,75687.1),('COMP100007','Parle',1.64,15.06,12,121,2.1,1.51407,33.597,9630670,89668.5,46174.8,13174.5,94348.9),('COMP100008','Uniqlo',1.63,15.04,121,41,2.2,32.7956,27.6504,8345460,11229.4,52036.6,67271.8,87839.6),('COMP100009','Lays',1.62,15.72,644,98,2.3,40.2094,9.50317,27699000,19681.3,49333.1,88046.8,44558.7),('COMP100010','Coke',1.61,16.4,123,121,2.4,52.9999,38.4235,46440000,4289.42,44923.4,28818,33326.7),('COMP100011','KFC',1.6,17.08,3453,33,2.5,40.1953,12.8803,66138600,37190.1,15681.4,24763.2,26601),('COMP100012','FoodZone',1.59,17.76,22,134,2.6,70.7788,38.7402,74664300,69030.9,62748.4,4982.99,30267.3),('COMP100013','Walmart',1.58,18.43,432,241,2.7,54.5382,56.7161,97856900,79489,63708.9,98494.2,84160.3),('COMP100014','EasyDay',1.57,15.06,121,241,2.8,48.5883,77.2138,25958200,30568.8,11718.3,49889.2,62821.3),('COMP100015','RunDown',1.56,19.11,4532,111,2.9,32.6042,62.7725,631831,57530.5,91328.7,74383.3,60860.2),('COMP100016','EASports',1.55,19.79,23,1234,3,1.56443,95.0188,26056500,72829.5,7603.98,63168.6,43682.9),('COMP100017','Asus',1.54,20.47,2,412,3.1,5.74781,27.3646,88399400,56043.6,62425.4,41319.8,68195.6),('COMP100018','HP',1.53,21.15,24,11,3.2,40.4329,82.1005,58111700,52862.8,99148.6,6119.42,20136.3),('COMP100019','Dell',1.52,21.83,455,1,3.3,48.6995,81.3554,62308200,23606.8,6098.05,40704.5,41160),('COMP100020','Lenskart',1.51,22.5,1231,66,3.4,26.3411,91.1372,98099000,82371.1,34583.8,86201.4,61119.1);
/*!40000 ALTER TABLE `company_market_detail` ENABLE KEYS */;
UNLOCK TABLES;

--
-- Table structure for table `Customer_Account_Summary`
--

DROP TABLE IF EXISTS `Customer_Account_Summary`;
/*!40101 SET @saved_cs_client     = @@character_set_client */;
/*!50503 SET character_set_client = utf8mb4 */;
CREATE TABLE `Customer_Account_Summary` (
  `Customer_ID` int(10) NOT NULL,
  `Serial_No` int(5) NOT NULL,
  `Transaction_status` set('Debited','Credited') CHARACTER SET utf8 COLLATE utf8_unicode_ci DEFAULT NULL,
  `Received_from` set('Company','Person') CHARACTER SET utf8 COLLATE utf8_unicode_ci DEFAULT NULL,
  `Amount` float DEFAULT NULL,
  `Date` date DEFAULT NULL,
  `Time` time(6) NOT NULL,
  `Account_Balance` float DEFAULT NULL,
  PRIMARY KEY (`Customer_ID`),
  CONSTRAINT `Customer_Account_Summary_ibfk_1` FOREIGN KEY (`Customer_ID`) REFERENCES `customer_personal_detail` (`Customer_id`)
) ENGINE=InnoDB DEFAULT CHARSET=utf8 COLLATE=utf8_unicode_ci;
/*!40101 SET character_set_client = @saved_cs_client */;

--
-- Dumping data for table `Customer_Account_Summary`
--

LOCK TABLES `Customer_Account_Summary` WRITE;
/*!40000 ALTER TABLE `Customer_Account_Summary` DISABLE KEYS */;
INSERT INTO `Customer_Account_Summary` VALUES (1000000001,1,'Debited','Company',291361,'2020-02-05','22:57:15.000000',291361),(1000000002,2,'Debited','Company',269245,'2020-02-05','15:59:01.000000',269245),(1000000003,3,'Debited','Company',239067,'2020-02-05','14:14:18.000000',239067),(1000000004,4,'Debited','Company',227445,'2020-02-05','18:11:34.000000',227445),(1000000005,5,'Debited','Company',236299,'2020-02-05','17:07:01.000000',236299),(1000000006,6,'Debited','Company',291361,'2020-02-05','14:43:33.000000',291361),(1000000007,7,'Debited','Company',265268,'2020-02-05','19:33:31.000000',265268),(1000000008,8,'Debited','Company',239665,'2020-02-05','22:57:15.000000',239665),(1000000009,9,'Debited','Company',224236,'2020-02-05','05:24:47.000000',224236),(1000000010,10,'Debited','Company',234345,'2020-02-05','04:21:05.000000',234345),(1000000011,11,'Debited','Company',254141,'2020-02-05','00:05:04.000000',254141),(1000000012,12,'Debited','Company',258749,'2020-02-05','18:58:58.000000',258749),(1000000013,13,'Debited','Company',284332,'2020-02-05','07:17:31.000000',284332),(1000000014,14,'Debited','Company',288347,'2020-02-05','19:41:37.000000',288347),(1000000015,15,'Debited','Company',288953,'2020-02-05','06:54:58.000000',288953),(1000000016,16,'Debited','Company',268238,'2020-02-05','07:11:57.000000',268238),(1000000017,17,'Debited','Company',243419,'2020-02-05','19:05:39.000000',243419),(1000000018,18,'Debited','Company',210233,'2020-02-05','16:22:26.000000',210233),(1000000019,19,'Debited','Company',289559,'2020-02-05','10:46:24.000000',289559),(1000000020,20,'Debited','Company',250032,'2020-02-05','04:56:44.000000',250032),(1000000021,21,'Debited','Company',292240,'2020-02-05','22:53:48.000000',292240),(1000000022,22,'Debited','Company',255613,'2020-02-05','17:19:46.000000',255613),(1000000023,23,'Debited','Company',229124,'2020-02-05','04:27:43.000000',229124),(1000000024,24,'Debited','Company',229470,'2020-02-05','20:36:41.000000',229470),(1000000025,25,'Debited','Company',291962,'2020-02-05','18:12:27.000000',291962),(1000000026,26,'Debited','Company',239142,'2020-02-05','08:19:31.000000',239142),(1000000027,27,'Debited','Company',247952,'2020-02-05','05:47:15.000000',247952),(1000000028,28,'Debited','Company',210395,'2020-02-05','06:15:13.000000',210395),(1000000029,29,'Debited','Company',247155,'2020-02-05','09:18:56.000000',247155),(1000000030,30,'Debited','Company',244374,'2020-02-05','23:14:21.000000',244374),(1000000031,31,'Debited','Company',214734,'2020-02-05','02:47:01.000000',214734),(1000000032,32,'Debited','Company',283871,'2020-02-05','20:52:41.000000',283871),(1000000033,33,'Debited','Company',202893,'2020-02-05','15:17:38.000000',202893),(1000000034,34,'Debited','Company',200318,'2020-02-05','02:55:37.000000',200318),(1000000035,35,'Debited','Company',297859,'2020-02-05','20:58:36.000000',297859),(1000000036,36,'Debited','Company',288168,'2020-02-05','02:03:41.000000',288168),(1000000037,37,'Debited','Company',215993,'2020-02-05','05:56:38.000000',215993),(1000000038,38,'Debited','Company',260000,'2020-02-05','13:37:19.000000',260000),(1000000039,39,'Debited','Company',221861,'2020-02-05','06:24:24.000000',221861),(1000000040,40,'Debited','Company',202598,'2020-02-05','17:45:13.000000',202598),(1000000041,41,'Debited','Company',253363,'2020-02-05','13:13:03.000000',253363),(1000000042,42,'Debited','Company',264771,'2020-02-05','03:11:59.000000',264771),(1000000043,43,'Debited','Company',299966,'2020-02-05','04:49:24.000000',299966),(1000000044,44,'Debited','Company',265201,'2020-02-05','10:31:37.000000',265201),(1000000045,45,'Debited','Company',285043,'2020-02-05','23:56:58.000000',285043),(1000000046,46,'Debited','Company',229056,'2020-02-05','22:38:10.000000',229056),(1000000047,47,'Debited','Company',201137,'2020-02-05','16:39:19.000000',201137),(1000000048,48,'Debited','Company',266916,'2020-02-05','14:07:24.000000',266916),(1000000049,49,'Debited','Company',290507,'2020-02-05','04:12:33.000000',290507),(1000000050,50,'Debited','Company',258575,'2020-02-05','04:33:00.000000',258575),(1000000051,51,'Debited','Company',224312,'2020-02-05','02:21:43.000000',224312),(1000000052,52,'Debited','Company',252122,'2020-02-05','23:16:27.000000',252122),(1000000053,53,'Debited','Company',294422,'2020-02-05','21:06:07.000000',294422),(1000000054,54,'Debited','Company',261111,'2020-02-05','12:52:05.000000',261111),(1000000055,55,'Debited','Company',256911,'2020-02-05','00:09:25.000000',256911),(1000000056,56,'Debited','Company',268623,'2020-02-05','03:01:15.000000',268623),(1000000057,57,'Debited','Company',295639,'2020-02-05','13:00:59.000000',295639),(1000000058,58,'Debited','Company',200182,'2020-02-05','07:29:40.000000',200182),(1000000059,59,'Debited','Company',254728,'2020-02-05','05:04:29.000000',254728),(1000000060,60,'Debited','Company',286130,'2020-02-05','15:06:14.000000',286130),(1000000061,61,'Debited','Company',235949,'2020-02-05','04:58:02.000000',235949),(1000000062,62,'Debited','Company',225191,'2020-02-05','13:43:23.000000',225191),(1000000063,63,'Debited','Company',220289,'2020-02-05','03:47:00.000000',220289),(1000000064,64,'Debited','Company',285842,'2020-02-05','20:45:44.000000',285842),(1000000065,65,'Debited','Company',283472,'2020-02-05','13:54:08.000000',283472),(1000000066,66,'Debited','Company',252972,'2020-02-05','12:25:09.000000',252972),(1000000067,67,'Debited','Company',225866,'2020-02-05','00:02:25.000000',225866),(1000000068,68,'Debited','Company',253945,'2020-02-05','15:31:05.000000',253945),(1000000069,69,'Debited','Company',254620,'2020-02-05','11:00:31.000000',254620),(1000000070,70,'Debited','Company',280947,'2020-02-05','11:53:42.000000',280947),(1000000071,71,'Debited','Company',218850,'2020-02-05','12:43:16.000000',218850),(1000000072,72,'Debited','Company',274091,'2020-02-05','14:26:03.000000',274091),(1000000073,73,'Debited','Company',244200,'2020-02-05','11:55:00.000000',244200),(1000000074,74,'Debited','Company',296313,'2020-02-05','06:42:37.000000',296313),(1000000075,75,'Debited','Company',266596,'2020-02-05','08:02:04.000000',266596),(1000000076,76,'Debited','Company',279665,'2020-02-05','10:02:50.000000',279665),(1000000077,77,'Debited','Company',283200,'2020-02-05','13:53:17.000000',283200),(1000000078,78,'Debited','Company',250829,'2020-02-05','06:44:12.000000',250829),(1000000079,79,'Debited','Company',209443,'2020-02-05','23:53:32.000000',209443),(1000000080,80,'Debited','Company',203284,'2020-02-05','02:02:22.000000',203284),(1000000081,81,'Debited','Company',287315,'2020-02-05','08:44:27.000000',287315),(1000000082,82,'Debited','Company',287791,'2020-02-05','12:09:08.000000',287791),(1000000083,83,'Debited','Company',241656,'2020-02-05','13:19:27.000000',241656),(1000000084,84,'Debited','Company',257507,'2020-02-05','22:04:44.000000',257507),(1000000085,85,'Debited','Company',291525,'2020-02-05','01:23:41.000000',291525),(1000000086,86,'Debited','Company',208931,'2020-02-05','13:05:25.000000',208931),(1000000087,87,'Debited','Company',271295,'2020-02-05','03:57:12.000000',271295),(1000000088,88,'Debited','Company',207531,'2020-02-05','04:22:47.000000',207531),(1000000089,89,'Debited','Company',265219,'2020-02-05','02:42:29.000000',265219),(1000000090,90,'Debited','Company',244056,'2020-02-05','03:22:59.000000',244056),(1000000091,91,'Debited','Company',275363,'2020-02-05','16:11:24.000000',275363),(1000000092,92,'Debited','Company',288295,'2020-02-05','23:30:24.000000',288295),(1000000093,93,'Debited','Company',261977,'2020-02-05','06:29:08.000000',261977),(1000000094,94,'Debited','Company',224186,'2020-02-05','19:32:27.000000',224186),(1000000095,95,'Debited','Company',206213,'2020-02-05','10:06:10.000000',206213),(1000000096,96,'Debited','Company',224628,'2020-02-05','09:32:26.000000',224628),(1000000097,97,'Debited','Company',243851,'2020-02-05','01:18:56.000000',243851),(1000000098,98,'Debited','Company',292235,'2020-02-05','00:19:48.000000',292235),(1000000099,99,'Debited','Company',241500,'2020-02-05','01:10:23.000000',241500),(1000000100,100,'Debited','Company',215383,'2020-02-05','07:27:55.000000',215383);
/*!40000 ALTER TABLE `Customer_Account_Summary` ENABLE KEYS */;
UNLOCK TABLES;

--
-- Table structure for table `Customer_bank_details`
--

DROP TABLE IF EXISTS `Customer_bank_details`;
/*!40101 SET @saved_cs_client     = @@character_set_client */;
/*!50503 SET character_set_client = utf8mb4 */;
CREATE TABLE `Customer_bank_details` (
  `customer_id` int(10) NOT NULL,
  `bank_id` char(10) CHARACTER SET utf8 COLLATE utf8_unicode_ci NOT NULL,
  `bank_name` varchar(20) CHARACTER SET utf8 COLLATE utf8_unicode_ci NOT NULL,
  `account_no` char(20) CHARACTER SET utf8 COLLATE utf8_unicode_ci NOT NULL,
  `account_balance` float NOT NULL,
  `account_type` set('CURRENT','SAVINGS','TRADING','') CHARACTER SET utf8 COLLATE utf8_unicode_ci NOT NULL,
  `account_pin` int(4) NOT NULL,
  `loan_status` set('PENDING','ACCEPTED','REJECTED') CHARACTER SET utf8 COLLATE utf8_unicode_ci NOT NULL,
  PRIMARY KEY (`customer_id`),
  KEY `bank_id` (`bank_id`),
  CONSTRAINT `Customer_bank_details_ibfk_1` FOREIGN KEY (`bank_id`) REFERENCES `bank` (`bank_id`),
  CONSTRAINT `Customer_bank_details_ibfk_2` FOREIGN KEY (`customer_id`) REFERENCES `customer_personal_detail` (`Customer_id`)
) ENGINE=InnoDB DEFAULT CHARSET=utf8 COLLATE=utf8_unicode_ci ROW_FORMAT=COMPACT;
/*!40101 SET character_set_client = @saved_cs_client */;

--
-- Dumping data for table `Customer_bank_details`
--

LOCK TABLES `Customer_bank_details` WRITE;
/*!40000 ALTER TABLE `Customer_bank_details` DISABLE KEYS */;
INSERT INTO `Customer_bank_details` VALUES (1000000001,'BANK100001','BOB','ACC-100',270137,'TRADING',2726,'PENDING'),(1000000002,'BANK100006','PNB','ACC-101',267553,'TRADING',3066,'REJECTED'),(1000000003,'BANK100004','HDFC','ACC-102',206457,'SAVINGS',2372,'ACCEPTED'),(1000000004,'BANK100004','BOB','ACC-103',211572,'TRADING',2776,'PENDING'),(1000000005,'BANK100003','HSBC','ACC-104',250479,'SAVINGS',9765,'PENDING'),(1000000006,'BANK100006','HSBC','ACC-105',272729,'TRADING',1548,'REJECTED'),(1000000007,'BANK100004','UBI','ACC-106',272300,'SAVINGS',9867,'REJECTED'),(1000000008,'BANK100001','HDFC','ACC-107',283065,'CURRENT',2469,'PENDING'),(1000000009,'BANK100002','SBI','ACC-108',210017,'SAVINGS',9099,'ACCEPTED'),(1000000010,'BANK100006','HSBC','ACC-109',283625,'CURRENT',3963,'PENDING'),(1000000011,'BANK100003','SBI','ACC-110',256783,'TRADING',3775,'REJECTED'),(1000000012,'BANK100006','HSBC','ACC-111',217917,'SAVINGS',6007,'REJECTED'),(1000000013,'BANK100001','HDFC','ACC-112',255211,'CURRENT',8974,'ACCEPTED'),(1000000014,'BANK100001','HDFC','ACC-113',227572,'SAVINGS',8115,'PENDING'),(1000000015,'BANK100001','SBI','ACC-114',290826,'TRADING',1221,'REJECTED'),(1000000016,'BANK100006','SBI','ACC-115',225928,'SAVINGS',3793,'ACCEPTED'),(1000000017,'BANK100006','BOB','ACC-116',252548,'CURRENT',5195,'REJECTED'),(1000000018,'BANK100002','PNB','ACC-117',258036,'TRADING',8303,'ACCEPTED'),(1000000019,'BANK100003','PNB','ACC-118',214762,'CURRENT',7297,'REJECTED'),(1000000020,'BANK100003','UBI','ACC-119',211480,'TRADING',7300,'PENDING'),(1000000021,'BANK100002','PNB','ACC-120',230489,'SAVINGS',2743,'ACCEPTED'),(1000000022,'BANK100006','HDFC','ACC-121',247783,'CURRENT',7455,'PENDING'),(1000000023,'BANK100006','PNB','ACC-122',298500,'TRADING',9850,'REJECTED'),(1000000024,'BANK100003','BOB','ACC-123',226226,'CURRENT',8627,'REJECTED'),(1000000025,'BANK100004','UBI','ACC-124',271163,'TRADING',8144,'ACCEPTED'),(1000000026,'BANK100006','SBI','ACC-125',234314,'CURRENT',8088,'REJECTED'),(1000000027,'BANK100002','PNB','ACC-126',226240,'CURRENT',2028,'REJECTED'),(1000000028,'BANK100004','UBI','ACC-127',272535,'TRADING',4998,'ACCEPTED'),(1000000029,'BANK100004','UBI','ACC-128',249173,'CURRENT',2499,'PENDING'),(1000000030,'BANK100003','UBI','ACC-129',207534,'CURRENT',3813,'REJECTED'),(1000000031,'BANK100001','BOB','ACC-130',275333,'SAVINGS',9755,'ACCEPTED'),(1000000032,'BANK100004','HDFC','ACC-131',292200,'TRADING',3770,'ACCEPTED'),(1000000033,'BANK100002','UBI','ACC-132',202631,'SAVINGS',5426,'PENDING'),(1000000034,'BANK100004','BOB','ACC-133',271290,'SAVINGS',5516,'PENDING'),(1000000035,'BANK100002','HDFC','ACC-134',218886,'SAVINGS',2279,'REJECTED'),(1000000036,'BANK100004','SBI','ACC-135',284884,'TRADING',3929,'REJECTED'),(1000000037,'BANK100002','SBI','ACC-136',265467,'SAVINGS',9647,'PENDING'),(1000000038,'BANK100006','HSBC','ACC-137',262704,'CURRENT',7764,'PENDING'),(1000000039,'BANK100004','HDFC','ACC-138',213615,'SAVINGS',6052,'REJECTED'),(1000000040,'BANK100003','HDFC','ACC-139',251070,'TRADING',2877,'ACCEPTED'),(1000000041,'BANK100001','UBI','ACC-140',270082,'TRADING',9375,'REJECTED'),(1000000042,'BANK100004','BOB','ACC-141',226923,'TRADING',9467,'ACCEPTED'),(1000000043,'BANK100003','SBI','ACC-142',203131,'TRADING',8192,'ACCEPTED'),(1000000044,'BANK100002','SBI','ACC-143',209961,'SAVINGS',9879,'ACCEPTED'),(1000000045,'BANK100006','SBI','ACC-144',272726,'SAVINGS',6559,'REJECTED'),(1000000046,'BANK100003','UBI','ACC-145',281645,'TRADING',9946,'PENDING'),(1000000047,'BANK100006','SBI','ACC-146',214924,'SAVINGS',8777,'ACCEPTED'),(1000000048,'BANK100002','PNB','ACC-147',269153,'CURRENT',8457,'PENDING'),(1000000049,'BANK100001','UBI','ACC-148',226739,'TRADING',7263,'ACCEPTED'),(1000000050,'BANK100006','SBI','ACC-149',276062,'TRADING',9579,'ACCEPTED'),(1000000051,'BANK100006','SBI','ACC-150',214328,'TRADING',4919,'ACCEPTED'),(1000000052,'BANK100001','BOB','ACC-151',216913,'CURRENT',5538,'PENDING'),(1000000053,'BANK100003','HDFC','ACC-152',226684,'TRADING',5814,'PENDING'),(1000000054,'BANK100006','BOB','ACC-153',229654,'CURRENT',2450,'ACCEPTED'),(1000000055,'BANK100003','PNB','ACC-154',205235,'CURRENT',5259,'ACCEPTED'),(1000000056,'BANK100001','HDFC','ACC-155',252687,'CURRENT',1337,'ACCEPTED'),(1000000057,'BANK100001','BOB','ACC-156',241185,'SAVINGS',6630,'REJECTED'),(1000000058,'BANK100001','PNB','ACC-157',227866,'SAVINGS',5807,'REJECTED'),(1000000059,'BANK100002','HDFC','ACC-158',223283,'TRADING',7029,'ACCEPTED'),(1000000060,'BANK100003','UBI','ACC-159',234949,'CURRENT',6046,'ACCEPTED'),(1000000061,'BANK100006','UBI','ACC-160',223717,'SAVINGS',2092,'PENDING'),(1000000062,'BANK100001','UBI','ACC-161',224328,'TRADING',9375,'REJECTED'),(1000000063,'BANK100006','HDFC','ACC-162',292773,'TRADING',3710,'PENDING'),(1000000064,'BANK100001','HDFC','ACC-163',293778,'SAVINGS',1256,'PENDING'),(1000000065,'BANK100001','HDFC','ACC-164',274186,'CURRENT',9707,'ACCEPTED'),(1000000066,'BANK100006','BOB','ACC-165',299826,'SAVINGS',7656,'ACCEPTED'),(1000000067,'BANK100004','HSBC','ACC-166',238854,'CURRENT',3325,'ACCEPTED'),(1000000068,'BANK100006','UBI','ACC-167',268162,'CURRENT',1404,'ACCEPTED'),(1000000069,'BANK100006','SBI','ACC-168',250303,'CURRENT',8955,'ACCEPTED'),(1000000070,'BANK100001','SBI','ACC-169',244947,'SAVINGS',6837,'REJECTED'),(1000000071,'BANK100002','BOB','ACC-170',225098,'CURRENT',6000,'REJECTED'),(1000000072,'BANK100001','SBI','ACC-171',258993,'TRADING',8689,'REJECTED'),(1000000073,'BANK100001','SBI','ACC-172',222019,'TRADING',8446,'ACCEPTED'),(1000000074,'BANK100002','SBI','ACC-173',261517,'CURRENT',9370,'REJECTED'),(1000000075,'BANK100006','UBI','ACC-174',283249,'CURRENT',7764,'ACCEPTED'),(1000000076,'BANK100002','UBI','ACC-175',276495,'SAVINGS',4426,'PENDING'),(1000000077,'BANK100002','SBI','ACC-176',293433,'SAVINGS',9658,'ACCEPTED'),(1000000078,'BANK100002','HDFC','ACC-177',265180,'TRADING',3879,'ACCEPTED'),(1000000079,'BANK100001','SBI','ACC-178',236476,'TRADING',8741,'REJECTED'),(1000000080,'BANK100001','SBI','ACC-179',208153,'TRADING',7084,'ACCEPTED'),(1000000081,'BANK100006','PNB','ACC-180',269745,'TRADING',8713,'ACCEPTED'),(1000000082,'BANK100001','PNB','ACC-181',240850,'CURRENT',5244,'PENDING'),(1000000083,'BANK100004','SBI','ACC-182',268611,'SAVINGS',9951,'REJECTED'),(1000000084,'BANK100003','PNB','ACC-183',201656,'TRADING',9801,'ACCEPTED'),(1000000085,'BANK100001','UBI','ACC-184',208321,'CURRENT',4685,'REJECTED'),(1000000086,'BANK100001','HSBC','ACC-185',271985,'CURRENT',7125,'REJECTED'),(1000000087,'BANK100004','SBI','ACC-186',224714,'TRADING',9184,'PENDING'),(1000000088,'BANK100006','HSBC','ACC-187',263647,'CURRENT',6047,'ACCEPTED'),(1000000089,'BANK100006','HDFC','ACC-188',220649,'TRADING',3554,'ACCEPTED'),(1000000090,'BANK100001','BOB','ACC-189',206569,'TRADING',7616,'PENDING'),(1000000091,'BANK100006','UBI','ACC-190',269975,'TRADING',6090,'ACCEPTED'),(1000000092,'BANK100002','UBI','ACC-191',218005,'TRADING',7128,'PENDING'),(1000000093,'BANK100004','HDFC','ACC-192',257264,'SAVINGS',8827,'PENDING'),(1000000094,'BANK100002','HSBC','ACC-193',268314,'SAVINGS',5625,'PENDING'),(1000000095,'BANK100006','HDFC','ACC-194',282863,'SAVINGS',6639,'REJECTED'),(1000000096,'BANK100004','SBI','ACC-195',206739,'CURRENT',7902,'REJECTED'),(1000000097,'BANK100004','SBI','ACC-196',266915,'CURRENT',4641,'PENDING'),(1000000098,'BANK100001','SBI','ACC-197',237090,'CURRENT',4051,'ACCEPTED'),(1000000099,'BANK100003','HSBC','ACC-198',291064,'TRADING',6981,'PENDING'),(1000000100,'BANK100004','PNB','ACC-199',213651,'TRADING',4410,'PENDING');
/*!40000 ALTER TABLE `Customer_bank_details` ENABLE KEYS */;
UNLOCK TABLES;

--
-- Table structure for table `Customer_Employment_Details`
--

DROP TABLE IF EXISTS `Customer_Employment_Details`;
/*!40101 SET @saved_cs_client     = @@character_set_client */;
/*!50503 SET character_set_client = utf8mb4 */;
CREATE TABLE `Customer_Employment_Details` (
  `Customer_ID` int(10) NOT NULL,
  `Company_ID` varchar(11) CHARACTER SET utf8 COLLATE utf8_unicode_ci NOT NULL,
  `Sector` varchar(20) CHARACTER SET utf8 COLLATE utf8_unicode_ci NOT NULL,
  `Product_Type` varchar(30) CHARACTER SET utf8 COLLATE utf8_unicode_ci NOT NULL,
  `Company_Name` varchar(20) CHARACTER SET utf8 COLLATE utf8_unicode_ci NOT NULL,
  `Working_From` date NOT NULL,
  `Working_Till` date NOT NULL,
  PRIMARY KEY (`Customer_ID`),
  CONSTRAINT `Customer_Employment_Details_ibfk_1` FOREIGN KEY (`Customer_ID`) REFERENCES `customer_personal_detail` (`Customer_id`)
) ENGINE=InnoDB DEFAULT CHARSET=utf8 COLLATE=utf8_unicode_ci;
/*!40101 SET character_set_client = @saved_cs_client */;

--
-- Dumping data for table `Customer_Employment_Details`
--

LOCK TABLES `Customer_Employment_Details` WRITE;
/*!40000 ALTER TABLE `Customer_Employment_Details` DISABLE KEYS */;
INSERT INTO `Customer_Employment_Details` VALUES (1000000001,'COMP100000','PRIMARY','ACC-100','268796','2014-03-01','2020-02-05'),(1000000002,'COMP100001','TERTIATRY','ACC-101','261474','2018-12-18','2020-02-05'),(1000000003,'COMP100002','SECONDARY','ACC-102','230999','2009-04-29','2020-02-05'),(1000000004,'COMP100003','PRIMARY','ACC-103','299455','2010-04-14','2020-02-05'),(1000000005,'COMP100004','SECONDARY','ACC-104','231860','2008-01-09','2020-02-05'),(1000000006,'COMP100005','PRIMARY','ACC-105','212316','2017-07-02','2020-02-05'),(1000000007,'COMP100006','TERTIATRY','ACC-106','234193','2015-02-17','2020-02-05'),(1000000008,'COMP100007','SECONDARY','ACC-107','219258','2015-05-01','2020-02-05'),(1000000009,'COMP100008','PRIMARY','ACC-108','233471','2017-09-21','2020-02-05'),(1000000010,'COMP100009','TERTIATRY','ACC-109','229146','2009-08-07','2020-02-05'),(1000000011,'COMP100010','SECONDARY','ACC-110','288248','2014-04-29','2020-02-05'),(1000000012,'COMP100011','SECONDARY','ACC-111','229866','2006-07-13','2020-02-05'),(1000000013,'COMP100012','TERTIATRY','ACC-112','235294','2006-10-28','2020-02-05'),(1000000014,'COMP100013','SECONDARY','ACC-113','282233','2012-07-15','2020-02-05'),(1000000015,'COMP100014','PRIMARY','ACC-114','206577','2010-04-05','2020-02-05'),(1000000016,'COMP100015','TERTIATRY','ACC-115','242537','2013-11-07','2020-02-05'),(1000000017,'COMP100016','SECONDARY','ACC-116','233312','2018-04-05','2020-02-05'),(1000000018,'COMP100017','PRIMARY','ACC-117','274288','2013-02-06','2020-02-05'),(1000000019,'COMP100018','PRIMARY','ACC-118','277030','2009-08-07','2020-02-05'),(1000000020,'COMP100019','PRIMARY','ACC-119','294949','2006-11-06','2020-02-05'),(1000000021,'COMP100020','PRIMARY','ACC-120','209881','2014-12-30','2020-02-05'),(1000000022,'COMP100021','TERTIATRY','ACC-121','229401','2015-03-27','2020-02-05'),(1000000023,'COMP100022','SECONDARY','ACC-122','260553','2013-04-05','2020-02-05'),(1000000024,'COMP100023','PRIMARY','ACC-123','291160','2018-06-03','2020-02-05'),(1000000025,'COMP100024','PRIMARY','ACC-124','200670','2006-02-28','2020-02-05'),(1000000026,'COMP100025','TERTIATRY','ACC-125','257866','2013-08-12','2020-02-05'),(1000000027,'COMP100026','TERTIATRY','ACC-126','212273','2013-01-30','2020-02-05'),(1000000028,'COMP100027','SECONDARY','ACC-127','213199','2014-09-27','2020-02-05'),(1000000029,'COMP100028','PRIMARY','ACC-128','290844','2006-05-29','2020-02-05'),(1000000030,'COMP100029','SECONDARY','ACC-129','220080','2010-09-06','2020-02-05'),(1000000031,'COMP100030','SECONDARY','ACC-130','238448','2006-05-17','2020-02-05'),(1000000032,'COMP100031','PRIMARY','ACC-131','286002','2018-03-10','2020-02-05'),(1000000033,'COMP100032','SECONDARY','ACC-132','250936','2011-02-12','2020-02-05'),(1000000034,'COMP100033','PRIMARY','ACC-133','215228','2009-08-14','2020-02-05'),(1000000035,'COMP100034','SECONDARY','ACC-134','284366','2008-02-10','2020-02-05'),(1000000036,'COMP100035','SECONDARY','ACC-135','272577','2010-08-27','2020-02-05'),(1000000037,'COMP100036','TERTIATRY','ACC-136','296971','2008-03-09','2020-02-05'),(1000000038,'COMP100037','SECONDARY','ACC-137','200645','2011-08-09','2020-02-05'),(1000000039,'COMP100038','TERTIATRY','ACC-138','212199','2006-11-28','2020-02-05'),(1000000040,'COMP100039','SECONDARY','ACC-139','208390','2014-07-21','2020-02-05'),(1000000041,'COMP100040','SECONDARY','ACC-140','282297','2007-01-31','2020-02-05'),(1000000042,'COMP100041','SECONDARY','ACC-141','224822','2014-05-10','2020-02-05'),(1000000043,'COMP100042','PRIMARY','ACC-142','210017','2019-01-05','2020-02-05'),(1000000044,'COMP100043','SECONDARY','ACC-143','271912','2014-01-17','2020-02-05'),(1000000045,'COMP100044','PRIMARY','ACC-144','291014','2008-07-15','2020-02-05'),(1000000046,'COMP100045','PRIMARY','ACC-145','219121','2016-05-05','2020-02-05'),(1000000047,'COMP100046','SECONDARY','ACC-146','222548','2016-11-06','2020-02-05'),(1000000048,'COMP100047','TERTIATRY','ACC-147','248739','2009-03-12','2020-02-05'),(1000000049,'COMP100048','TERTIATRY','ACC-148','296614','2017-05-22','2020-02-05'),(1000000050,'COMP100049','TERTIATRY','ACC-149','216679','2018-09-22','2020-02-05'),(1000000051,'COMP100050','PRIMARY','ACC-150','262821','2007-02-24','2020-02-05'),(1000000052,'COMP100051','TERTIATRY','ACC-151','229282','2007-11-20','2020-02-05'),(1000000053,'COMP100052','TERTIATRY','ACC-152','222953','2019-09-26','2020-02-05'),(1000000054,'COMP100053','PRIMARY','ACC-153','294178','2018-11-11','2020-02-05'),(1000000055,'COMP100054','PRIMARY','ACC-154','223211','2015-11-10','2020-02-05'),(1000000056,'COMP100055','PRIMARY','ACC-155','222084','2019-08-10','2020-02-05'),(1000000057,'COMP100056','SECONDARY','ACC-156','226879','2012-05-18','2020-02-05'),(1000000058,'COMP100057','SECONDARY','ACC-157','230342','2008-01-25','2020-02-05'),(1000000059,'COMP100058','TERTIATRY','ACC-158','234538','2009-03-16','2020-02-05'),(1000000060,'COMP100059','TERTIATRY','ACC-159','297399','2017-05-24','2020-02-05'),(1000000061,'COMP100060','TERTIATRY','ACC-160','229383','2016-09-16','2020-02-05'),(1000000062,'COMP100061','TERTIATRY','ACC-161','299941','2007-03-25','2020-02-05'),(1000000063,'COMP100062','PRIMARY','ACC-162','241443','2013-08-13','2020-02-05'),(1000000064,'COMP100063','TERTIATRY','ACC-163','275257','2012-09-22','2020-02-05'),(1000000065,'COMP100064','TERTIATRY','ACC-164','216125','2012-08-21','2020-02-05'),(1000000066,'COMP100065','PRIMARY','ACC-165','243882','2007-08-30','2020-02-05'),(1000000067,'COMP100066','PRIMARY','ACC-166','242959','2018-12-01','2020-02-05'),(1000000068,'COMP100067','SECONDARY','ACC-167','248430','2007-11-11','2020-02-05'),(1000000069,'COMP100068','PRIMARY','ACC-168','281075','2013-11-26','2020-02-05'),(1000000070,'COMP100069','SECONDARY','ACC-169','262413','2012-01-28','2020-02-05'),(1000000071,'COMP100070','TERTIATRY','ACC-170','273860','2015-04-17','2020-02-05'),(1000000072,'COMP100071','SECONDARY','ACC-171','261376','2012-10-05','2020-02-05'),(1000000073,'COMP100072','TERTIATRY','ACC-172','256730','2015-08-18','2020-02-05'),(1000000074,'COMP100073','PRIMARY','ACC-173','233117','2007-04-13','2020-02-05'),(1000000075,'COMP100074','SECONDARY','ACC-174','299781','2009-02-01','2020-02-05'),(1000000076,'COMP100075','PRIMARY','ACC-175','259777','2014-10-18','2020-02-05'),(1000000077,'COMP100076','PRIMARY','ACC-176','237247','2015-08-03','2020-02-05'),(1000000078,'COMP100077','PRIMARY','ACC-177','250424','2008-11-02','2020-02-05'),(1000000079,'COMP100078','TERTIATRY','ACC-178','236190','2011-03-04','2020-02-05'),(1000000080,'COMP100079','PRIMARY','ACC-179','281482','2009-10-18','2020-02-05'),(1000000081,'COMP100080','SECONDARY','ACC-180','259966','2017-09-01','2020-02-05'),(1000000082,'COMP100081','PRIMARY','ACC-181','241453','2016-11-02','2020-02-05'),(1000000083,'COMP100082','TERTIATRY','ACC-182','270839','2018-08-10','2020-02-05'),(1000000084,'COMP100083','TERTIATRY','ACC-183','210493','2012-11-10','2020-02-05'),(1000000085,'COMP100084','TERTIATRY','ACC-184','294555','2007-05-05','2020-02-05'),(1000000086,'COMP100085','PRIMARY','ACC-185','298669','2007-09-03','2020-02-05'),(1000000087,'COMP100086','PRIMARY','ACC-186','218311','2017-02-22','2020-02-05'),(1000000088,'COMP100087','SECONDARY','ACC-187','259392','2009-09-21','2020-02-05'),(1000000089,'COMP100088','TERTIATRY','ACC-188','254196','2009-08-15','2020-02-05'),(1000000090,'COMP100089','TERTIATRY','ACC-189','268039','2006-10-11','2020-02-05'),(1000000091,'COMP100090','SECONDARY','ACC-190','237007','2007-05-04','2020-02-05'),(1000000092,'COMP100091','SECONDARY','ACC-191','223225','2014-10-22','2020-02-05'),(1000000093,'COMP100092','SECONDARY','ACC-192','262561','2014-07-12','2020-02-05'),(1000000094,'COMP100093','SECONDARY','ACC-193','205299','2013-01-11','2020-02-05'),(1000000095,'COMP100094','TERTIATRY','ACC-194','278144','2005-11-29','2020-02-05'),(1000000096,'COMP100095','SECONDARY','ACC-195','206213','2017-08-11','2020-02-05'),(1000000097,'COMP100096','SECONDARY','ACC-196','256763','2013-04-24','2020-02-05'),(1000000098,'COMP100097','SECONDARY','ACC-197','231508','2013-05-13','2020-02-05'),(1000000099,'COMP100098','SECONDARY','ACC-198','227082','2016-01-23','2020-02-05'),(1000000100,'COMP100099','TERTIATRY','ACC-199','276842','2010-08-10','2020-02-05');
/*!40000 ALTER TABLE `Customer_Employment_Details` ENABLE KEYS */;
UNLOCK TABLES;

--
-- Table structure for table `Customer_Loan`
--

DROP TABLE IF EXISTS `Customer_Loan`;
/*!40101 SET @saved_cs_client     = @@character_set_client */;
/*!50503 SET character_set_client = utf8mb4 */;
CREATE TABLE `Customer_Loan` (
  `Customer_ID` int(10) NOT NULL,
  `Bank_ID` char(10) CHARACTER SET utf8 COLLATE utf8_unicode_ci NOT NULL,
  `Loan_ID` char(10) CHARACTER SET utf8 COLLATE utf8_unicode_ci NOT NULL,
  `account_no` char(10) CHARACTER SET utf8 COLLATE utf8_unicode_ci NOT NULL,
  `Principal` int(10) NOT NULL,
  `Interest` int(3) NOT NULL,
  `Start_from` date NOT NULL,
  `Monthly_EMI` int(5) NOT NULL,
  `Due_Amount` int(10) NOT NULL,
  PRIMARY KEY (`Customer_ID`),
  CONSTRAINT `Customer_Loan_ibfk_1` FOREIGN KEY (`Customer_ID`) REFERENCES `customer_personal_detail` (`Customer_id`)
) ENGINE=InnoDB DEFAULT CHARSET=utf8 COLLATE=utf8_unicode_ci;
/*!40101 SET character_set_client = @saved_cs_client */;

--
-- Dumping data for table `Customer_Loan`
--

LOCK TABLES `Customer_Loan` WRITE;
/*!40000 ALTER TABLE `Customer_Loan` DISABLE KEYS */;
INSERT INTO `Customer_Loan` VALUES (1000000001,'BANK100001','LOAN100','ACC-100',72782,10,'2008-06-11',2076,8323),(1000000002,'BANK100001','LOAN101','ACC-101',18180,6,'2007-12-09',1771,6397),(1000000003,'BANK100002','LOAN102','ACC-102',45549,8,'2020-10-23',2705,8762),(1000000004,'BANK100003','LOAN103','ACC-103',29478,7,'2014-07-01',2693,7091),(1000000005,'BANK100004','LOAN104','ACC-104',44934,9,'2010-12-28',6227,7654),(1000000006,'BANK100005','LOAN105','ACC-105',68605,6,'2016-03-25',2185,1856),(1000000007,'BANK100006','LOAN106','ACC-106',77457,7,'2007-10-11',6622,2750),(1000000008,'BANK100001','LOAN107','ACC-107',80737,5,'2008-03-08',2458,5304),(1000000009,'BANK100002','LOAN108','ACC-108',79362,12,'2008-06-22',6961,6235),(1000000010,'BANK100003','LOAN109','ACC-109',90417,10,'2013-05-01',7544,5390),(1000000011,'BANK100004','LOAN110','ACC-110',34443,9,'2009-04-10',2446,4077),(1000000012,'BANK100005','LOAN111','ACC-111',63773,11,'2012-02-14',8582,5627),(1000000013,'BANK100006','LOAN112','ACC-112',21621,10,'2008-11-22',3996,7706),(1000000014,'BANK100001','LOAN113','ACC-113',61706,12,'2012-07-30',6438,9694),(1000000015,'BANK100002','LOAN114','ACC-114',90366,8,'2012-04-02',4449,6830),(1000000016,'BANK100003','LOAN115','ACC-115',49946,12,'2010-01-03',3662,9064),(1000000017,'BANK100006','LOAN116','ACC-116',68278,6,'2014-08-11',4707,3212),(1000000018,'BANK100004','LOAN117','ACC-117',27754,9,'2019-08-27',3599,8090),(1000000019,'BANK100005','LOAN118','ACC-118',92960,9,'2015-12-06',3640,9163),(1000000020,'BANK100005','LOAN119','ACC-119',72893,8,'2009-11-17',6425,2267),(1000000021,'BANK100003','LOAN120','ACC-120',64544,5,'2009-09-14',5253,9853),(1000000022,'BANK100001','LOAN121','ACC-121',45333,6,'2010-07-19',2170,5320),(1000000023,'BANK100001','LOAN122','ACC-122',57666,9,'2020-09-08',1126,1667),(1000000024,'BANK100003','LOAN123','ACC-123',84211,5,'2012-10-15',7042,6855),(1000000025,'BANK100002','LOAN124','ACC-124',99684,6,'2009-08-07',4128,2333),(1000000026,'BANK100025','LOAN125','ACC-125',13980,5,'2016-08-11',4053,1718),(1000000027,'BANK100026','LOAN126','ACC-126',80043,9,'2015-10-05',8229,6877),(1000000028,'BANK100027','LOAN127','ACC-127',90490,9,'2007-06-21',6455,5321),(1000000029,'BANK100028','LOAN128','ACC-128',87799,5,'2011-10-09',4767,8107),(1000000030,'BANK100029','LOAN129','ACC-129',84032,6,'2012-05-06',6832,8401),(1000000031,'BANK100030','LOAN130','ACC-130',65809,5,'2008-09-03',1842,2368),(1000000032,'BANK100031','LOAN131','ACC-131',91676,10,'2015-10-15',2550,7475),(1000000033,'BANK100032','LOAN132','ACC-132',53531,11,'2013-09-25',9404,9811),(1000000034,'BANK100033','LOAN133','ACC-133',53020,8,'2021-01-18',3036,9477),(1000000035,'BANK100034','LOAN134','ACC-134',85060,11,'2012-01-12',3208,5959),(1000000036,'BANK100035','LOAN135','ACC-135',63912,11,'2014-02-02',5232,7044),(1000000037,'BANK100036','LOAN136','ACC-136',23756,8,'2006-07-14',4031,8407),(1000000038,'BANK100037','LOAN137','ACC-137',89841,10,'2008-04-25',1288,2547),(1000000039,'BANK100038','LOAN138','ACC-138',59447,11,'2011-08-21',1558,4085),(1000000040,'BANK100039','LOAN139','ACC-139',84199,11,'2019-01-18',5237,3879),(1000000041,'BANK100040','LOAN140','ACC-140',79023,12,'2020-03-05',3584,8883),(1000000042,'BANK100041','LOAN141','ACC-141',19930,12,'2012-04-15',6859,3500),(1000000043,'BANK100042','LOAN142','ACC-142',29865,10,'2019-01-10',9441,1140),(1000000044,'BANK100043','LOAN143','ACC-143',84267,7,'2012-01-07',4321,4640),(1000000045,'BANK100044','LOAN144','ACC-144',80382,8,'2013-06-07',4956,8475),(1000000046,'BANK100045','LOAN145','ACC-145',61060,5,'2007-02-01',1473,5289),(1000000047,'BANK100046','LOAN146','ACC-146',27877,7,'2013-05-28',9226,2153),(1000000048,'BANK100047','LOAN147','ACC-147',52283,10,'2011-05-04',7300,7275),(1000000049,'BANK100048','LOAN148','ACC-148',31882,10,'2008-11-03',9700,9122),(1000000050,'BANK100049','LOAN149','ACC-149',96634,6,'2019-05-28',2701,3300),(1000000051,'BANK100050','LOAN150','ACC-150',13731,9,'2017-05-28',2767,4324),(1000000052,'BANK100051','LOAN151','ACC-151',21158,11,'2014-01-19',7948,1220),(1000000053,'BANK100052','LOAN152','ACC-152',20426,11,'2009-12-05',7041,2323),(1000000054,'BANK100053','LOAN153','ACC-153',81965,8,'2020-07-28',2610,6541),(1000000055,'BANK100054','LOAN154','ACC-154',55507,10,'2008-04-23',5337,5430),(1000000056,'BANK100055','LOAN155','ACC-155',45900,8,'2015-02-21',2652,2598),(1000000057,'BANK100056','LOAN156','ACC-156',74689,11,'2010-02-03',2537,1474),(1000000058,'BANK100057','LOAN157','ACC-157',90488,5,'2015-03-21',6879,7067),(1000000059,'BANK100058','LOAN158','ACC-158',21083,5,'2017-12-29',2554,6377),(1000000060,'BANK100059','LOAN159','ACC-159',14349,11,'2016-10-11',2285,9406),(1000000061,'BANK100060','LOAN160','ACC-160',10921,12,'2017-07-21',7543,6785),(1000000062,'BANK100061','LOAN161','ACC-161',93426,8,'2010-02-19',2445,5771),(1000000063,'BANK100062','LOAN162','ACC-162',77733,11,'2020-06-28',6358,1901),(1000000064,'BANK100063','LOAN163','ACC-163',88101,11,'2012-03-29',7833,3136),(1000000065,'BANK100064','LOAN164','ACC-164',95173,12,'2010-11-29',5781,3879),(1000000066,'BANK100065','LOAN165','ACC-165',82545,6,'2006-04-29',8385,3696),(1000000067,'BANK100066','LOAN166','ACC-166',73998,5,'2013-03-30',7204,2567),(1000000068,'BANK100067','LOAN167','ACC-167',68857,9,'2009-06-25',2429,7680),(1000000069,'BANK100068','LOAN168','ACC-168',68494,12,'2012-12-09',5691,6709),(1000000070,'BANK100069','LOAN169','ACC-169',79865,5,'2016-06-05',4235,2157),(1000000071,'BANK100070','LOAN170','ACC-170',59311,8,'2016-07-06',2104,7953),(1000000072,'BANK100071','LOAN171','ACC-171',46223,11,'2011-06-01',4159,2395),(1000000073,'BANK100072','LOAN172','ACC-172',44388,7,'2006-07-22',3347,9504),(1000000074,'BANK100073','LOAN173','ACC-173',27632,9,'2007-02-20',6684,2994),(1000000075,'BANK100074','LOAN174','ACC-174',39664,7,'2006-09-05',3387,1097),(1000000076,'BANK100075','LOAN175','ACC-175',70639,11,'2011-06-28',1143,9510),(1000000077,'BANK100076','LOAN176','ACC-176',71902,8,'2013-06-25',9764,3682),(1000000078,'BANK100077','LOAN177','ACC-177',51258,6,'2016-10-21',9685,4878),(1000000079,'BANK100078','LOAN178','ACC-178',51842,12,'2009-01-09',4969,9748),(1000000080,'BANK100079','LOAN179','ACC-179',92881,9,'2016-02-16',6697,2930),(1000000081,'BANK100080','LOAN180','ACC-180',15758,11,'2011-02-20',1551,1821),(1000000082,'BANK100081','LOAN181','ACC-181',62726,10,'2013-05-05',7189,7471),(1000000083,'BANK100082','LOAN182','ACC-182',18542,10,'2020-06-18',2100,7553),(1000000084,'BANK100083','LOAN183','ACC-183',24272,10,'2013-02-27',4646,2207),(1000000085,'BANK100084','LOAN184','ACC-184',21654,9,'2009-12-02',6860,7253),(1000000086,'BANK100085','LOAN185','ACC-185',69462,9,'2010-05-21',3794,9524),(1000000087,'BANK100086','LOAN186','ACC-186',39080,10,'2014-04-10',4836,9070),(1000000088,'BANK100087','LOAN187','ACC-187',52777,10,'2013-07-15',2937,6304),(1000000089,'BANK100088','LOAN188','ACC-188',79824,9,'2013-10-03',5453,6586),(1000000090,'BANK100089','LOAN189','ACC-189',14167,12,'2019-08-11',9548,2503),(1000000091,'BANK100090','LOAN190','ACC-190',12693,6,'2020-07-26',1810,9771),(1000000092,'BANK100091','LOAN191','ACC-191',51904,6,'2009-02-17',4139,7568),(1000000093,'BANK100092','LOAN192','ACC-192',89711,6,'2011-04-21',3054,3673),(1000000094,'BANK100093','LOAN193','ACC-193',14835,11,'2020-05-02',9201,5929),(1000000095,'BANK100094','LOAN194','ACC-194',51517,6,'2009-02-09',1376,8528),(1000000096,'BANK100095','LOAN195','ACC-195',26339,6,'2007-04-03',4878,8141),(1000000097,'BANK100096','LOAN196','ACC-196',59068,11,'2008-09-22',7232,9563),(1000000098,'BANK100097','LOAN197','ACC-197',81955,12,'2018-08-17',8220,3701),(1000000099,'BANK100098','LOAN198','ACC-198',76823,6,'2017-01-29',4031,3084),(1000000100,'BANK100099','LOAN199','ACC-199',95768,6,'2009-02-24',7708,6904);
/*!40000 ALTER TABLE `Customer_Loan` ENABLE KEYS */;
UNLOCK TABLES;

--
-- Table structure for table `customer_personal_detail`
--

DROP TABLE IF EXISTS `customer_personal_detail`;
/*!40101 SET @saved_cs_client     = @@character_set_client */;
/*!50503 SET character_set_client = utf8mb4 */;
CREATE TABLE `customer_personal_detail` (
  `Customer_id` int(10) NOT NULL,
  `name` varchar(50) CHARACTER SET utf8 COLLATE utf8_unicode_ci NOT NULL,
  `email` varchar(50) CHARACTER SET utf8 COLLATE utf8_unicode_ci NOT NULL,
  `house_no` varchar(50) CHARACTER SET utf8 COLLATE utf8_unicode_ci NOT NULL,
  `sector` varchar(20) CHARACTER SET utf8 COLLATE utf8_unicode_ci NOT NULL,
  `city` varchar(50) CHARACTER SET utf8 COLLATE utf8_unicode_ci NOT NULL,
  `state` varchar(20) CHARACTER SET utf8 COLLATE utf8_unicode_ci NOT NULL,
  `pin_code` int(6) NOT NULL,
  `age` int(3) NOT NULL,
  `gender` set('M','F','O') CHARACTER SET utf8 COLLATE utf8_unicode_ci NOT NULL,
  `dob` date NOT NULL,
  `father_name` varchar(20) CHARACTER SET utf8 COLLATE utf8_unicode_ci NOT NULL,
  `mother_name` varchar(20) CHARACTER SET utf8 COLLATE utf8_unicode_ci NOT NULL,
  PRIMARY KEY (`Customer_id`)
) ENGINE=InnoDB DEFAULT CHARSET=utf8 COLLATE=utf8_unicode_ci;
/*!40101 SET character_set_client = @saved_cs_client */;

--
-- Dumping data for table `customer_personal_detail`
--

LOCK TABLES `customer_personal_detail` WRITE;
/*!40000 ALTER TABLE `customer_personal_detail` DISABLE KEYS */;
INSERT INTO `customer_personal_detail` VALUES (1000000001,'Lamar Erickson','libero.at.auctor@Vivamussit.net','P.O. Box 903, 3187 Nostra, Avenue','Sector 2','Kollam','Thane',110019,20,'F','2000-09-06','Henry Morales','Liberty Horn'),(1000000002,'Ria Oconnor','porttitor.eros@Fuscealiquam.co.uk','878-4504 Ridiculus Rd.','Sector 7','Coaldale','Delhi',110040,23,'O','1997-12-16','Ryan Harmon','Velma Norton'),(1000000003,'Jade Clayton','molestie@magnased.com','918 In Street','Sector 8','Vietri di Potenza','Mumbai',110084,23,'M','1997-04-26','Carter Langley','Sheila Gardner'),(1000000004,'Basia Randall','orci@interdum.net','P.O. Box 414, 3710 Adipiscing Av.','Sector 3','Chiusa Sclafani','Bhopal',110037,20,'M','2000-08-12','Adam Dillon','Hannah Franklin'),(1000000005,'Deirdre Pruitt','risus@duiaugue.ca','287-6794 Aliquam St.','Sector 9','Cantalupo in Sabina','Pune',110085,36,'M','1984-02-20','Cadman Barton','Maile Solis'),(1000000006,'Tashya Villarreal','tincidunt.congue@Donec.ca','Ap #709-4559 Egestas Avenue','Sector 8','Oudenburg','Pimpri',110055,22,'O','1999-02-03','Lawrence Knowles','Marcia Cruz'),(1000000007,'Trevor Rose','augue.Sed.molestie@volutpat.ca','9386 Et St.','Sector 10','Portland','Mumbai',110025,22,'O','1998-05-11','Hilel Davenport','Whilemina Snyder'),(1000000008,'Piper Todd','feugiat.tellus.lorem@purusin.org','P.O. Box 892, 4399 Risus, Rd.','Sector 4','Barghe','Pimpri',110031,21,'F','1999-12-04','Carl Rose','Rebecca Haley'),(1000000009,'James Francis','volutpat@feugiatplacerat.com','416-7845 Est, Street','Sector 6','Allerona','Bhopal',110041,22,'F','1998-02-20','Kyle Alston','Simone Goff'),(1000000010,'Jin Jacobs','eleifend@nonlacinia.net','P.O. Box 398, 8696 Velit. Ave','Sector 3','Colorno','Visakhapatnam',110088,26,'F','1994-04-14','Grant Whitney','Maris Daniels'),(1000000011,'Thaddeus Hoffman','eu.nulla@Pellentesqueultriciesdignissim.co.uk','P.O. Box 736, 2853 Sagittis Ave','Sector 4','New Sarepta','Faridabad',110039,24,'O','1996-03-06','Keefe Ingram','Sonya Sharp'),(1000000012,'May Robertson','dignissim.tempor@ornare.org','Ap #464-8523 Hendrerit Rd.','Sector 10','Watermaal-Bosvoorde','Delhi',110020,37,'F','1983-03-19','Jerry Burt','Alexa Oneal'),(1000000013,'Benedict Espinoza','neque@sit.net','2772 Tempor Av.','Sector 6','Yeotmal','Pune',110068,25,'M','1995-06-16','Camden Martinez','Pascale Casey'),(1000000014,'Octavia Pennington','Cras.interdum@magnisdis.edu','8730 Convallis Street','Sector 4','Tczew','Pune',110074,31,'M','1990-01-26','Arthur Arnold','Cara Wallace'),(1000000015,'Eve Fields','Fusce@blanditenim.org','Ap #754-1252 Tincidunt, Road','Sector 6','Katav-Ivanovsk','Lucknow',110042,33,'M','1987-06-16','Bernard Moses','Mara Chan'),(1000000016,'Tate Maldonado','vitae.purus.gravida@enim.com','9991 Molestie Street','Sector 3','Galashiels','Pimpri',110043,25,'F','1996-02-07','Abel William','Tatyana Cruz'),(1000000017,'Elizabeth Dejesus','aptent.taciti.sociosqu@lacusvariuset.ca','7122 Eu Rd.','Sector 9','Bandung','Bhopal',110086,24,'O','1996-09-01','Jarrod Dillard','Athena Galloway'),(1000000018,'Velma Fry','semper@ipsumportaelit.org','470-6285 Ante Street','Sector 12','La Salle','Surat',110061,34,'O','1986-02-23','Gannon Wheeler','Ivy Cross'),(1000000019,'Robin Daugherty','Sed@sit.com','403-8319 Felis, Rd.','Sector 8','Quilpu','Kanpur',110074,22,'O','1998-11-22','Tad Serrano','Macy Elliott'),(1000000020,'Christian Walter','nulla.magna@aliquetmolestie.org','777-889 Rutrum Road','Sector 11','Zwettl-Niedersterreich','Hyderabad',110042,33,'M','1987-08-19','Gavin Webb','Xaviera Hammond'),(1000000021,'Chastity Mcdowell','auctor.quis.tristique@eueleifendnec.ca','107-5275 Nec, Ave','Sector 6','Izel','Kolkata',110073,21,'M','2000-01-27','Amos Webb','Dorothy Simmons'),(1000000022,'Ray Maxwell','Donec.nibh.enim@nibhenim.co.uk','Ap #124-4078 Eu Rd.','Sector 7','Independence','Jaipur',110087,21,'M','1999-07-28','Hall Trevino','Sheila Townsend'),(1000000023,'Hammett Wells','sodales@Maecenasiaculis.org','1650 Tortor. Ave','Sector 10','Pemuco','Agra',110042,21,'O','1999-10-17','Keane Robles','Remedios Burt'),(1000000024,'Raven Elliott','venenatis.vel.faucibus@dolor.edu','557-6867 Tempus Av.','Sector 10','Kincardine','Kolkata',110035,21,'O','1999-08-06','Boris Olsen','Shaine Benton'),(1000000025,'Micah Mcmillan','enim@mollisInteger.net','P.O. Box 884, 9077 Vestibulum, St.','Sector 6','Abaetetuba','Surat',110010,25,'O','1995-12-25','Chancellor Brewer','Carissa Craft'),(1000000026,'Timothy Manning','laoreet@massa.edu','Ap #909-5493 Est St.','Sector 5','Guntur','Nagpur',110003,32,'F','1988-09-10','Jeremy Franklin','Kiara Vargas'),(1000000027,'Tatiana Fisher','euismod@a.ca','Ap #200-9714 Rhoncus. Rd.','Sector 12','Cochrane','Vadodara',110046,38,'O','1982-04-22','Valentine Odom','Hannah Porter'),(1000000028,'Jocelyn Zamora','Phasellus.in@erosnectellus.edu','754-8140 Non, Rd.','Sector 4','Pachuca','Kolkata',110025,35,'F','1985-03-20','Axel Dejesus','Sasha Olsen'),(1000000029,'Zane Kidd','non@maurisanunc.co.uk','Ap #855-3155 Blandit. Avenue','Sector 3','Jeongeup','Patna',110095,25,'M','1995-12-03','Vaughan Griffin','Adria Camacho'),(1000000030,'Magee Cote','pretium.neque.Morbi@Vivamusnibh.co.uk','5530 Etiam Rd.','Sector 2','Wagnele','Chennai',110085,35,'F','1985-06-19','Gray Beasley','Haviva Slater'),(1000000031,'Kylan Parker','et.ipsum@consequatlectussit.net','P.O. Box 123, 9838 Semper Rd.','Sector 6','Fontaine-Valmont','Nagpur',110042,37,'O','1983-12-29','Merritt Robinson','Evelyn Hudson'),(1000000032,'Amy Gillespie','nibh.vulputate.mauris@neque.net','9155 Nulla Av.','Sector 1','Vaux-sur-Sure','Vadodara',110058,29,'O','1991-02-19','Berk Bradford','Cathleen Henson'),(1000000033,'Garrett Combs','pede.Cras.vulputate@morbitristiquesenectus.com','1647 Augue St.','Sector 6','Abeokuta','Jaipur',110061,32,'O','1988-03-25','Trevor Bailey','Lee Murphy'),(1000000034,'Ella Nguyen','In.tincidunt.congue@orci.net','P.O. Box 572, 4741 Orci, St.','Sector 5','Wansin','Visakhapatnam',110066,25,'F','1995-07-24','Jackson Yates','Hillary Tran'),(1000000035,'Sybil Frost','Duis.elementum@nislQuisque.com','996-9781 Metus. St.','Sector 9','Dera Ghazi Khan','Indore',110069,24,'O','1996-09-28','Felix Mack','Gay Rosa'),(1000000036,'Desiree Pollard','libero.nec@dolor.edu','1077 Sit St.','Sector 10','Brye','Faridabad',110081,28,'M','1992-09-27','Nicholas Forbes','Gemma Pena'),(1000000037,'Irene Sandoval','varius@nonleo.org','6108 Eu Av.','Sector 7','Eckernfrde','Thane',110011,27,'F','1993-05-31','Ferdinand Baldwin','Mechelle Harper'),(1000000038,'Axel Fitzgerald','gravida.nunc.sed@fringilla.org','450-5258 Nec Ave','Sector 12','Malang','Chennai',110090,36,'M','1984-02-29','Keaton Huffman','Minerva Mendez'),(1000000039,'Abdul Stout','sem@nonfeugiat.net','9255 Imperdiet Av.','Sector 8','Murree','Agra',110078,24,'O','1996-03-24','Gage Anderson','Justina Snow'),(1000000040,'Cassady Spencer','turpis@urnanec.co.uk','5055 Lacinia. Rd.','Sector 8','Helkijn','Thane',110086,31,'F','1989-03-21','Drew Bradshaw','Ruby Goff'),(1000000041,'Rhiannon Stevens','arcu@ut.co.uk','997-2292 Sem. Road','Sector 1','Tribogna','Patna',110051,32,'M','1988-05-02','Lewis Ayers','Meghan Graham'),(1000000042,'Kiara Valentine','quis.diam.Pellentesque@Cras.com','282-412 Facilisi. St.','Sector 3','Leeuwarden','Hyderabad',110098,34,'M','1986-09-09','Kato Noble','Celeste Powell'),(1000000043,'Kyle Cobb','dictum.ultricies@ut.edu','6417 Nec, Av.','Sector 10','High Level','Faridabad',110074,31,'M','1989-02-24','Kenneth Tanner','Anastasia Blake'),(1000000044,'Sarah Espinoza','tincidunt.congue@mipedenonummy.com','912-3367 Cursus St.','Sector 10','Sperlinga','Jaipur',110066,33,'O','1987-08-29','Jordan Suarez','Karina Bell'),(1000000045,'Ira Holden','sit@scelerisque.co.uk','870 Nunc Rd.','Sector 3','San Mauro Marchesato','Kanpur',110051,23,'O','1997-03-24','Noble Bell','Shaeleigh Holden'),(1000000046,'Magee Cain','urna@ipsumprimis.edu','3997 Non Street','Sector 4','Sant\'Onofrio','Pune',110032,32,'F','1988-05-17','Finn Blair','Velma Flores'),(1000000047,'Christopher Campbell','ultrices@lorem.edu','Ap #359-7282 Venenatis Street','Sector 5','Puerto Colombia','Thane',110002,33,'O','1987-04-15','Lyle Espinoza','Lara Grimes'),(1000000048,'Sonia Robles','feugiat.Sed.nec@iderat.org','144-7803 Ipsum St.','Sector 1','Whittlesey','Delhi',110071,20,'F','2000-02-29','Edan Weiss','Riley Sanders'),(1000000049,'Tasha Lester','ligula.consectetuer.rhoncus@idmagnaet.ca','2989 Est Road','Sector 1','Mandurah','Jaipur',110008,27,'F','1993-07-22','Jackson Henry','Alisa Robbins'),(1000000050,'Amelia Rios','arcu.Sed.eu@ipsumacmi.co.uk','Ap #641-4353 Metus. Avenue','Sector 4','Daly','Nagpur',110006,20,'O','2000-07-17','Tobias Waller','Beverly Finch'),(1000000051,'Georgia Cobb','nec.orci@et.ca','5903 Aliquet, Ave','Sector 11','Neyveli','Hyderabad',110011,28,'M','1992-07-28','Deacon Burke','Mari Langley'),(1000000052,'Zelda Kaufman','nonummy.ut.molestie@urnanec.net','P.O. Box 245, 5245 Turpis St.','Sector 10','Cwmbran','Hyderabad',110004,25,'F','1995-02-22','Jeremy Harmon','Veronica Wooten'),(1000000053,'Honorato Henry','ut.dolor@Phasellusdolorelit.ca','8112 Et Street','Sector 1','Chepn','Visakhapatnam',110008,37,'F','1983-11-21','Kasper Mccarthy','Maris Albert'),(1000000054,'Nevada Lowery','nostra.per.inceptos@etarcu.edu','1540 Consectetuer Road','Sector 8','Lexington','Ahmedabad',110073,22,'M','1998-04-18','Orlando Morrow','Galena Chandler'),(1000000055,'Vernon Sellers','mauris@Duiselementum.ca','P.O. Box 546, 2340 Eu Av.','Sector 5','Trogne','Thane',110071,36,'F','1984-08-10','Tarik Norton','Isabella Collins'),(1000000056,'Hakeem Williams','nascetur.ridiculus@mollis.net','8254 Justo Rd.','Sector 12','Sorg','Surat',110092,21,'M','1999-03-20','Todd Douglas','Aileen Rios'),(1000000057,'Julie Oneil','lobortis.risus@nibhvulputate.com','Ap #508-3405 Libero Rd.','Sector 4','Wasseiges','Nashik',110047,35,'M','1985-09-14','Jasper Harrison','Stephanie Clements'),(1000000058,'Caryn Glass','montes@faucibus.org','P.O. Box 435, 4403 Mollis St.','Sector 4','Davoli','Patna',110094,30,'F','1990-06-24','Baker Lowe','Blossom Paul'),(1000000059,'Melissa Mueller','orci@per.co.uk','504-1937 In St.','Sector 9','Saint-Laurent','Ludhiana',110026,33,'O','1987-07-22','Carson Fleming','Serina Mathis'),(1000000060,'Natalie Chapman','Etiam.bibendum@consectetuer.edu','Ap #287-8380 Cras Avenue','Sector 11','Tribogna','Lucknow',110016,32,'M','1988-11-02','Paki Frye','Scarlet Santana'),(1000000061,'Wylie Morton','amet.diam@erat.net','P.O. Box 236, 6830 Quis Ave','Sector 11','Campochiaro','Visakhapatnam',110018,40,'M','1980-08-02','Darius Blake','Zoe Gallegos'),(1000000062,'Cathleen Calhoun','nec.diam@anteMaecenas.co.uk','538-9517 Tellus St.','Sector 5','Anantapur','Vadodara',110066,33,'O','1987-03-02','Noble Yates','Jamalia Blevins'),(1000000063,'Odette Hopper','nonummy.ut@adipiscinglacus.co.uk','214-8809 Proin Street','Sector 4','Mont-de-Marsan','Pimpri',110067,21,'M','1999-03-09','Levi Holloway','Hayfa Wade'),(1000000064,'Clementine Barnett','dictum.eu.placerat@blandit.net','5218 Adipiscing Avenue','Sector 7','Vancouver','Pune',110021,33,'F','1987-10-11','Oleg Lewis','Colleen Erickson'),(1000000065,'Haley Nash','egestas@adipiscingfringilla.org','P.O. Box 956, 5433 Sed Rd.','Sector 8','Vellore','Lucknow',110035,33,'F','1987-10-21','Allen Shaffer','Desirae Perkins'),(1000000066,'Ezra Floyd','erat.volutpat@orci.com','Ap #606-7436 Eu Av.','Sector 1','Kawartha Lakes','Delhi',110060,28,'F','1992-07-07','Porter Watkins','Stephanie Galloway'),(1000000067,'Ori Burch','magna.Duis.dignissim@dictum.org','P.O. Box 538, 2358 A St.','Sector 1','Vologda','Jaipur',110087,34,'O','1986-09-04','Ferdinand Durham','Jaime Alvarado'),(1000000068,'Maris Buckley','Curabitur.dictum@risusvariusorci.edu','299-7463 Mollis Rd.','Sector 2','Haripur','Faridabad',110006,39,'M','1981-04-24','Carter Owens','Willow Barrera'),(1000000069,'Natalie Phillips','id.ante.dictum@augueeu.org','709-220 Urna, Rd.','Sector 9','Varanasi','Pune',110071,27,'M','1993-08-17','Trevor Eaton','Gwendolyn Wooten'),(1000000070,'Carolyn Bowen','Nunc.ac.sem@sitametorci.net','P.O. Box 542, 7359 Nibh. Avenue','Sector 10','Henis','Agra',110089,31,'M','1989-10-18','Marshall Arnold','Aubrey Cole'),(1000000071,'Xander Thompson','quis@volutpatornarefacilisis.com','962-7875 Et, Avenue','Sector 8','Maser','Mumbai',110033,29,'O','1991-04-25','Avram Bartlett','Paloma Bush'),(1000000072,'Timon Barrera','litora@tempus.co.uk','4991 Varius Av.','Sector 9','Cheongju','Thane',110085,33,'M','1987-04-07','Barrett Reese','Yuri Calderon'),(1000000073,'Dorothy Norris','vel@risusDuis.org','8956 Senectus Av.','Sector 8','Hualpn','Pune',110083,29,'F','1991-08-13','Barry Chavez','Alice James'),(1000000074,'Kimberly Norton','urna.justo@quispede.org','2638 A Avenue','Sector 5','Dubbo','Pune',110066,40,'O','1980-06-27','Cadman Dodson','Dominique Hull'),(1000000075,'Leandra Walter','enim.Nunc@Quisqueac.net','P.O. Box 882, 1190 Eget Rd.','Sector 7','Orenburg','Lucknow',110029,38,'F','1982-04-17','Aidan Montoya','Kylynn Reilly'),(1000000076,'Mia Santiago','Ut.nec@Nullamfeugiat.com','4593 Risus Rd.','Sector 7','Hamoir','Delhi',110062,33,'O','1987-09-17','Nehru Thornton','Dorothy Lott'),(1000000077,'Byron Hopkins','vulputate.ullamcorper.magna@elitpharetra.edu','413 Mauris Avenue','Sector 1','Armento','Thane',110058,21,'M','2000-02-04','Wallace House','Kitra Lambert'),(1000000078,'Joshua Lawrence','ut.mi.Duis@quismassa.com','3163 Ut Ave','Sector 6','Gonnosn','Visakhapatnam',110055,24,'F','1997-01-13','Price Cannon','Marcia Osborne'),(1000000079,'Clayton Murphy','ridiculus.mus.Donec@Aliquamfringillacursus.ca','6401 Molestie St.','Sector 9','Murwara','Ghaziabad',110006,34,'M','1987-01-06','Bert Barrett','Aimee Clark'),(1000000080,'Quintessa Ingram','libero.Integer.in@Morbineque.ca','5632 Lacus. Rd.','Sector 7','Laren','Bhopal',110036,19,'O','2001-03-01','Knox Schwartz','Tatyana Lott'),(1000000081,'Harrison Lowe','erat.eget@pharetraQuisque.edu','6786 Donec St.','Sector 7','Polcenigo','Kolkata',110090,24,'M','1996-08-04','Warren Summers','Iliana Ramirez'),(1000000082,'Chava Roy','diam@felisadipiscing.co.uk','807 Felis Rd.','Sector 12','Susegana','Ludhiana',110021,32,'M','1989-01-14','Alan Mann','Orla Gentry'),(1000000083,'Belle Estes','orci@urnanecluctus.co.uk','Ap #899-4897 Nam Av.','Sector 10','Wonju','Nagpur',110093,25,'F','1995-07-17','Lucius Solomon','Bree Lewis'),(1000000084,'Aline Mcmahon','Duis.at@elementum.net','850 Justo. Av.','Sector 8','Stony Plain','Chennai',110056,37,'O','1983-12-02','Channing Fry','Mona Chambers'),(1000000085,'Halee Schmidt','nec@lacusvestibulumlorem.net','Ap #571-5351 Ut St.','Sector 4','Aisemont','Pimpri',110010,20,'M','2000-05-28','Rooney Knapp','Erica Whitehead'),(1000000086,'Kameko Black','Ut@nisi.com','5176 Id Avenue','Sector 4','Conca Casale','Nagpur',110013,31,'F','1989-09-25','Hayden Conrad','Amity Gilmore'),(1000000087,'Uta Bullock','semper.egestas.urna@elit.ca','402-4015 Consectetuer Rd.','Sector 12','Balikpapan','Hyderabad',110079,28,'M','1992-03-18','Timon Harper','Patience Bass'),(1000000088,'Madeson Vargas','est@habitantmorbitristique.org','Ap #705-3836 Elementum, Street','Sector 12','Montigny-ls-Metz','Visakhapatnam',110081,28,'F','1992-02-28','Nehru Dyer','Pamela Parrish'),(1000000089,'Ross Chang','justo.Proin@primis.co.uk','3684 Est. Rd.','Sector 5','Juliaca','Agra',110079,36,'M','1984-10-21','Rudyard Wilson','Dacey Johnston'),(1000000090,'Jamal Chavez','at.risus.Nunc@Integeridmagna.net','8288 Risus. Rd.','Sector 2','Gulfport','Pune',110021,27,'F','1993-04-27','Barry Sullivan','Halla Mann'),(1000000091,'Bryar Bradford','neque.et@sed.com','836-2667 Nam Road','Sector 12','Tarragona','Surat',110097,19,'O','2001-10-11','Gil Stewart','Michelle Buchanan'),(1000000092,'Bryar Buchanan','fringilla@nibhenim.org','Ap #717-4639 Enim. Av.','Sector 8','Madison','Nashik',110032,19,'M','2001-08-08','Bradley Webb','Tashya Phillips'),(1000000093,'Matthew Sykes','tincidunt.congue@aliquetdiamSed.net','7213 Diam. Street','Sector 12','Muzaffarpur','Delhi',110067,22,'M','1998-12-05','Calvin Simpson','Ainsley Aguirre'),(1000000094,'Coby Pierce','fringilla.cursus.purus@cursusinhendrerit.edu','Ap #956-1984 Magna Rd.','Sector 2','Camaari','Mumbai',110083,39,'F','1981-04-04','Scott Barlow','Florence Pace'),(1000000095,'Levi Carey','vestibulum.Mauris@odioAliquamvulputate.com','7944 A, Road','Sector 3','Spaniard\'s Bay','Indore',110049,29,'O','1991-07-12','Rooney French','Sopoline Frank'),(1000000096,'James Barber','aliquet@mauris.org','Ap #284-3738 Quis Av.','Sector 4','Gualdo Cattaneo','Nagpur',110032,38,'F','1983-01-20','Kamal Warren','Bo Rocha'),(1000000097,'Mufutau Vinson','leo@parturientmontes.net','729-2080 Vulputate Ave','Sector 6','Offenbach am Main','Bangalore',110050,27,'M','1993-09-15','Abdul Bright','Hayley Giles'),(1000000098,'Uta Robertson','Fusce@maurissit.org','413-1423 Cursus Rd.','Sector 10','Coalhurst','Bhopal',110016,34,'M','1986-05-28','Ciaran Conway','Zoe Knowles'),(1000000099,'Oliver Herrera','mauris.a@ut.co.uk','9934 Placerat. Avenue','Sector 6','Pune','Agra',110076,30,'O','1990-08-11','Griffith Cooper','Quincy Cochran'),(1000000100,'Nola Gregory','sem@tinciduntDonecvitae.edu','P.O. Box 485, 8302 Blandit St.','Sector 3','La Thuile','Bhopal',110005,33,'O','1987-11-11','Davis Petty','Tana York');
/*!40000 ALTER TABLE `customer_personal_detail` ENABLE KEYS */;
UNLOCK TABLES;

--
-- Table structure for table `MNC_account_details`
--

DROP TABLE IF EXISTS `MNC_account_details`;
/*!40101 SET @saved_cs_client     = @@character_set_client */;
/*!50503 SET character_set_client = utf8mb4 */;
CREATE TABLE `MNC_account_details` (
  `comp_id` varchar(10) CHARACTER SET utf8 COLLATE utf8_unicode_ci NOT NULL,
  `bank_partner` varchar(20) CHARACTER SET utf8 COLLATE utf8_unicode_ci NOT NULL,
  `type_of_account` varchar(10) CHARACTER SET utf8 COLLATE utf8_unicode_ci NOT NULL,
  `loan_amount` int(15) NOT NULL,
  `loan_period` int(5) NOT NULL,
  `fixed_deposit` int(10) NOT NULL,
  `interest_rate` int(5) NOT NULL,
  PRIMARY KEY (`comp_id`),
  KEY `bank_partner` (`bank_partner`),
  CONSTRAINT `MNC_account_details_ibfk_1` FOREIGN KEY (`bank_partner`) REFERENCES `bank` (`bank_id`)
) ENGINE=InnoDB DEFAULT CHARSET=utf8 COLLATE=utf8_unicode_ci;
/*!40101 SET character_set_client = @saved_cs_client */;

--
-- Dumping data for table `MNC_account_details`
--

LOCK TABLES `MNC_account_details` WRITE;
/*!40000 ALTER TABLE `MNC_account_details` DISABLE KEYS */;
INSERT INTO `MNC_account_details` VALUES ('COMP100021','BANK100001','Current',121324235,2,123123123,15);
/*!40000 ALTER TABLE `MNC_account_details` ENABLE KEYS */;
UNLOCK TABLES;

--
-- Table structure for table `MNC_and_GovtSector`
--

DROP TABLE IF EXISTS `MNC_and_GovtSector`;
/*!40101 SET @saved_cs_client     = @@character_set_client */;
/*!50503 SET character_set_client = utf8mb4 */;
CREATE TABLE `MNC_and_GovtSector` (
  `comp_id` varchar(10) CHARACTER SET utf8 COLLATE utf8_unicode_ci NOT NULL,
  `company_name` varchar(20) CHARACTER SET utf8 COLLATE utf8_unicode_ci NOT NULL,
  `company type` varchar(50) CHARACTER SET utf8 COLLATE utf8_unicode_ci NOT NULL,
  `bank` varchar(20) CHARACTER SET utf8 COLLATE utf8_unicode_ci NOT NULL,
  `bank_branch` varchar(20) CHARACTER SET utf8 COLLATE utf8_unicode_ci NOT NULL,
  `account_no` int(10) NOT NULL,
  `ifsc_code` varchar(13) CHARACTER SET utf8 COLLATE utf8_unicode_ci NOT NULL,
  `nature_of_business` varchar(10) CHARACTER SET utf8 COLLATE utf8_unicode_ci NOT NULL,
  `email_id` varchar(50) CHARACTER SET utf8 COLLATE utf8_unicode_ci NOT NULL,
  `contact_no` int(10) NOT NULL,
  `tax_bracket` varchar(5) CHARACTER SET utf8 COLLATE utf8_unicode_ci NOT NULL,
  `date_of_establishment` date DEFAULT NULL,
  PRIMARY KEY (`comp_id`)
) ENGINE=InnoDB DEFAULT CHARSET=utf8 COLLATE=utf8_unicode_ci;
/*!40101 SET character_set_client = @saved_cs_client */;

--
-- Dumping data for table `MNC_and_GovtSector`
--

LOCK TABLES `MNC_and_GovtSector` WRITE;
/*!40000 ALTER TABLE `MNC_and_GovtSector` DISABLE KEYS */;
INSERT INTO `MNC_and_GovtSector` VALUES ('COMP100021','A','Public','SBI','100001',1000012123,'SBI12345','Secondary','diam.Pellentesque.habitant@Cras.net',1234567890,'TIER1',NULL),('COMP100022','B','Private','BOB','300001',1000012124,'BOB12346','Tertiary','arcu.Aliquam@nullaCraseu.edu',1234567891,'TIER2',NULL),('COMP100023','C','Joint','HDFC','400001',1000012125,'HDFC12347','Secondary','est.Mauris@famesacturpis.net',1234567892,'TIER3',NULL),('COMP100024','D','Private','HSBC','500001',1000012126,'HSBC12348','Tertiary','Quisque.nonummy.ipsum@Lorem.ca',1234567893,'TIER1',NULL),('COMP100025','E','Joint','PNB','600001',1000012127,'PNB12349','Secondary','et.ultrices.posuere@Donec.com',1234567894,'TIER2',NULL),('COMP100026','F','Public','SBI','100001',1000012128,'SBI12350','Tertiary','Cum.sociis.natoque@Crasegetnisi.org',1234567895,'TIER3',NULL),('COMP100027','G','Private','BOB','300001',1000012129,'BOB12351','Secondary','est.tempor.bibendum@malesuadavel.com',1234567896,'TIER1',NULL),('COMP100028','H','Cooperative','HDFC','400001',1000012130,'HDFC12352','Tertiary','malesuada@est.org',1234567897,'TIER2',NULL),('COMP100029','I','Private','HSBC','500001',1000012131,'HSBC12353','Secondary','euismod@Inornaresagittis.ca',1234567898,'TIER3',NULL),('COMP100030','J','Cooperative','PNB','600001',1000012132,'PNB12354','Tertiary','condimentum@sagittisDuis.org',1234567899,'TIER1',NULL),('COMP100031','K','Public','SBI','100002',1000012133,'SBI12355','Secondary','amet.ultricies.sem@tristiquepellentesquetellus.org',1234567900,'TIER2',NULL),('COMP100032','L','Cooperative','BOB','300002',1000012134,'BOB12356','Tertiary','vitae.aliquet@variuseteuismod.ca',1234567901,'TIER3',NULL),('COMP100033','M','Private','HDFC','400002',1000012135,'HDFC12357','Secondary','Integer@ametlorem.co.uk',1234567902,'TIER1',NULL),('COMP100034','N','Public','HSBC','500002',1000012136,'HSBC12358','Tertiary','tellus@sedpede.net',1234567903,'TIER2',NULL),('COMP100035','O','Private','PNB','600002',1000012137,'PNB12359','Secondary','morbi.tristique.senectus@adipiscing.co.uk',1234567904,'TIER3',NULL),('COMP100036','P','Private','SBI','100002',1000012138,'SBI12360','Tertiary','ullamcorper.Duis@idblanditat.org',1234567905,'TIER1',NULL),('COMP100037','Q','Joint','BOB','300002',1000012139,'BOB12361','Secondary','Nam.consequat@ipsumPhasellusvitae.net',1234567906,'TIER2',NULL),('COMP100038','R','Public','HDFC','400002',1000012140,'HDFC12362','Tertiary','consectetuer.ipsum@id.co.uk',1234567907,'TIER3',NULL),('COMP100039','S','Joint','HSBC','500002',1000012141,'HSBC12363','Secondary','iaculis.lacus@scelerisque.com',1234567908,'TIER1',NULL),('COMP100040','T','Public','PNB','600002',1000012142,'PNB12364','Tertiary','neque@turpis.ca',1234567909,'TIER2',NULL);
/*!40000 ALTER TABLE `MNC_and_GovtSector` ENABLE KEYS */;
UNLOCK TABLES;

--
-- Table structure for table `MNC_startupfundins`
--

DROP TABLE IF EXISTS `MNC_startupfundins`;
/*!40101 SET @saved_cs_client     = @@character_set_client */;
/*!50503 SET character_set_client = utf8mb4 */;
CREATE TABLE `MNC_startupfundins` (
  `comp_id` varchar(10) CHARACTER SET utf8 COLLATE utf8_unicode_ci NOT NULL,
  `su_id` varchar(10) CHARACTER SET utf8 COLLATE utf8_unicode_ci NOT NULL,
  `su_name` varchar(20) CHARACTER SET utf8 COLLATE utf8_unicode_ci NOT NULL,
  `su_nature` int(11) NOT NULL,
  `fundings(liquid funds)` int(7) NOT NULL,
  `fundings(credits)` int(7) NOT NULL,
  `shareholder` int(7) NOT NULL,
  `risk` int(11) NOT NULL,
  PRIMARY KEY (`comp_id`)
) ENGINE=InnoDB DEFAULT CHARSET=utf8 COLLATE=utf8_unicode_ci;
/*!40101 SET character_set_client = @saved_cs_client */;

--
-- Dumping data for table `MNC_startupfundins`
--

LOCK TABLES `MNC_startupfundins` WRITE;
/*!40000 ALTER TABLE `MNC_startupfundins` DISABLE KEYS */;
INSERT INTO `MNC_startupfundins` VALUES ('COMP100001','STUP100001','ABCDE',2,1242421,213123,123,-1);
/*!40000 ALTER TABLE `MNC_startupfundins` ENABLE KEYS */;
UNLOCK TABLES;

--
-- Table structure for table `products`
--

DROP TABLE IF EXISTS `products`;
/*!40101 SET @saved_cs_client     = @@character_set_client */;
/*!50503 SET character_set_client = utf8mb4 */;
CREATE TABLE `products` (
  `seller_id` varchar(10) CHARACTER SET utf8 COLLATE utf8_unicode_ci NOT NULL,
  `product_id` int(10) NOT NULL,
  `product_name` varchar(30) CHARACTER SET utf8 COLLATE utf8_unicode_ci NOT NULL,
  PRIMARY KEY (`product_id`)
) ENGINE=InnoDB DEFAULT CHARSET=utf8 COLLATE=utf8_unicode_ci;
/*!40101 SET character_set_client = @saved_cs_client */;

--
-- Dumping data for table `products`
--

LOCK TABLES `products` WRITE;
/*!40000 ALTER TABLE `products` DISABLE KEYS */;
INSERT INTO `products` VALUES ('COMP100001',100,'Dodge'),('COMP100002',101,'BMW'),('COMP100003',102,'Ford'),('COMP100004',103,'Porsche'),('COMP100005',104,'Volkswagen'),('COMP100006',105,'Daihatsu'),('COMP100007',106,'Daimler'),('COMP100008',107,'Subaru'),('COMP100009',108,'Hyundai Motors'),('COMP100010',109,'Vauxhall'),('STUP100001',110,'Mitsubishi Motors'),('STUP100002',111,'Toyota'),('STUP100003',112,'Daihatsu'),('STUP100004',113,'Mahindra and Mahindra'),('STUP100005',114,'General Motors'),('STUP100006',115,'Isuzu'),('STUP100007',116,'Porsche'),('STUP100008',117,'Renault'),('STUP100009',118,'MINI'),('STUP100010',119,'Cadillac');
/*!40000 ALTER TABLE `products` ENABLE KEYS */;
UNLOCK TABLES;

--
-- Table structure for table `startup_funds`
--

DROP TABLE IF EXISTS `startup_funds`;
/*!40101 SET @saved_cs_client     = @@character_set_client */;
/*!50503 SET character_set_client = utf8mb4 */;
CREATE TABLE `startup_funds` (
  `fund_id` int(10) NOT NULL,
  `source_id` varchar(10) CHARACTER SET utf8 COLLATE utf8_unicode_ci NOT NULL,
  `value` int(7) NOT NULL,
  `interest` int(5) NOT NULL,
  PRIMARY KEY (`fund_id`)
) ENGINE=InnoDB DEFAULT CHARSET=utf8 COLLATE=utf8_unicode_ci;
/*!40101 SET character_set_client = @saved_cs_client */;

--
-- Dumping data for table `startup_funds`
--

LOCK TABLES `startup_funds` WRITE;
/*!40000 ALTER TABLE `startup_funds` DISABLE KEYS */;
INSERT INTO `startup_funds` VALUES (100000045,'COMP100003',116485,7),(100000046,'COMP100004',764327,8),(100000047,'COMP100005',181421,6),(100000048,'COMP100006',310669,8),(100000049,'COMP100007',830836,4),(100000050,'COMP100008',932246,4),(100000051,'COMP100009',412305,7),(100000052,'COMP100010',572502,6),(100000053,'COMP100011',97904,5),(100000054,'COMP100012',486000,8),(100000055,'COMP100013',748261,5),(100000056,'COMP100014',292942,8),(100000057,'COMP100002',730599,7),(100000058,'COMP100003',676858,7),(100000059,'COMP100004',501291,7),(100000060,'COMP100005',183414,8),(100000061,'COMP100006',136802,7),(100000062,'COMP100007',277134,5),(100000063,'COMP100008',305431,7),(100000064,'COMP100009',401039,7);
/*!40000 ALTER TABLE `startup_funds` ENABLE KEYS */;
UNLOCK TABLES;

--
-- Table structure for table `startups`
--

DROP TABLE IF EXISTS `startups`;
/*!40101 SET @saved_cs_client     = @@character_set_client */;
/*!50503 SET character_set_client = utf8mb4 */;
CREATE TABLE `startups` (
  `su_id` varchar(10) CHARACTER SET utf8 COLLATE utf8_unicode_ci NOT NULL,
  `su_name` varchar(20) CHARACTER SET utf8 COLLATE utf8_unicode_ci NOT NULL,
  `account_id` int(10) NOT NULL,
  `date_till_Account_valid` date NOT NULL,
  `date_created` date NOT NULL,
  `bank_balance` int(7) NOT NULL,
  `sales_type` varchar(10) CHARACTER SET utf8 COLLATE utf8_unicode_ci NOT NULL,
  `registered_email` varchar(50) CHARACTER SET utf8 COLLATE utf8_unicode_ci NOT NULL,
  `registered_photo` int(11) NOT NULL,
  `linked_accounts` int(10) NOT NULL,
  `locations(state)` varchar(20) CHARACTER SET utf8 COLLATE utf8_unicode_ci NOT NULL,
  `size` varchar(1) CHARACTER SET utf8 COLLATE utf8_unicode_ci NOT NULL,
  `tax_owned` int(7) NOT NULL,
  PRIMARY KEY (`su_id`)
) ENGINE=InnoDB DEFAULT CHARSET=utf8 COLLATE=utf8_unicode_ci;
/*!40101 SET character_set_client = @saved_cs_client */;

--
-- Dumping data for table `startups`
--

LOCK TABLES `startups` WRITE;
/*!40000 ALTER TABLE `startups` DISABLE KEYS */;
INSERT INTO `startups` VALUES ('STUP10000','Blythe',1000000000,'2019-02-07','2020-03-02',1000000,'Hygeine','diam.Pellentesque.habitant@Cras.net',12,2000000001,'Delhi','A',84998),('STUP10001','Coby',1000000001,'2019-02-12','2020-02-15',1000001,'Food','arcu.Aliquam@nullaCraseu.edu',13,2000000000,'Kerala','B',70604),('STUP10002','Samuel',1000000002,'2019-02-10','2020-06-30',1000002,'Fashion','est.Mauris@famesacturpis.net',14,1999999999,'Delhi','C',84182),('STUP10003','Jared',1000000003,'2019-02-05','2021-01-20',1000003,'Travel','Quisque.nonummy.ipsum@Lorem.ca',15,1999999998,'Arunachal','D',5671),('STUP10004','Calvin',1000000004,'2019-02-10','2021-01-31',1000004,'Appliances','et.ultrices.posuere@Donec.com',16,1999999997,'Jammu and Kashmir','E',98677),('STUP10005','Tamara',1000000005,'2019-02-06','2020-07-17',1000005,'Hygeine','Cum.sociis.natoque@Crasegetnisi.org',17,1999999996,'Andhra Pradesh','A',25049),('STUP10006','Kaye',1000000006,'2019-02-14','2020-04-15',1000006,'Food','est.tempor.bibendum@malesuadavel.com',18,1999999995,'Punjab','B',36523),('STUP10007','Beatrice',1000000007,'2019-02-14','2020-12-08',1000007,'Fashion','malesuada@est.org',19,1999999994,'Chhattisgarh','C',11558),('STUP10008','Nicholas',1000000008,'2019-02-08','2020-06-22',1000008,'Travel','euismod@Inornaresagittis.ca',20,1999999993,'Madhya Pradesh','D',80045),('STUP10009','Tyrone',1000000009,'2019-02-06','2020-05-27',1000009,'Appliances','condimentum@sagittisDuis.org',21,1999999992,'Uttar Pradesh','E',49461),('STUP10010','Shad',1000000010,'2019-02-08','2020-12-23',1000000,'Hygeine','amet.ultricies.sem@tristiquepellentesquetellus.org',22,1999999991,'Gujarat','A',6444),('STUP10011','Luke',1000000011,'2019-02-05','2021-01-15',1000001,'Food','vitae.aliquet@variuseteuismod.ca',23,1999999990,'Haryana','B',25602),('STUP10012','Juliet',1000000012,'2019-02-13','2020-11-14',1000002,'Fashion','Integer@ametlorem.co.uk',24,1999999989,'Telangana','C',54504),('STUP10013','Winter',1000000013,'2019-02-05','2020-11-18',1000003,'Travel','tellus@sedpede.net',25,1999999988,'Madhya Pradesh','D',17555),('STUP10014','Ciara',1000000014,'2019-02-13','2020-03-25',1000004,'Appliances','morbi.tristique.senectus@adipiscing.co.uk',26,1999999987,'Tamil Nadu','E',24252),('STUP10015','Adele',1000000015,'2019-02-10','2020-06-11',1000005,'Hygeine','ullamcorper.Duis@idblanditat.org',27,1999999986,'Punjab','A',31495),('STUP10016','Jared',1000000016,'2019-02-05','2020-05-21',1000006,'Food','Nam.consequat@ipsumPhasellusvitae.net',28,1999999985,'Bihar','B',21321),('STUP10017','Hyacinth',1000000017,'2019-02-14','2020-12-05',1000007,'Fashion','consectetuer.ipsum@id.co.uk',29,1999999984,'Gujarat','C',79975),('STUP10018','Len',1000000018,'2019-02-09','2020-08-14',1000008,'Travel','iaculis.lacus@scelerisque.com',30,1999999983,'Jammu and Kashmir','D',52748),('STUP10019','Martina',1000000019,'2019-02-06','2021-01-04',1000009,'Appliances','neque@turpis.ca',31,1999999982,'Kerala','E',25988);
/*!40000 ALTER TABLE `startups` ENABLE KEYS */;
UNLOCK TABLES;
/*!40103 SET TIME_ZONE=@OLD_TIME_ZONE */;

/*!40101 SET SQL_MODE=@OLD_SQL_MODE */;
/*!40014 SET FOREIGN_KEY_CHECKS=@OLD_FOREIGN_KEY_CHECKS */;
/*!40014 SET UNIQUE_CHECKS=@OLD_UNIQUE_CHECKS */;
/*!40101 SET CHARACTER_SET_CLIENT=@OLD_CHARACTER_SET_CLIENT */;
/*!40101 SET CHARACTER_SET_RESULTS=@OLD_CHARACTER_SET_RESULTS */;
/*!40101 SET COLLATION_CONNECTION=@OLD_COLLATION_CONNECTION */;
/*!40111 SET SQL_NOTES=@OLD_SQL_NOTES */;

-- Dump completed on 2020-04-01 12:18:19
